stock_name,preferred_theme,example_count,preferred_count,confidence,last_seen,theme_counts
삼성전자,삼성 / 반디플,143,142,0.993,2026-06-15,삼성 / 반디플:142; 개별주:1
SK하이닉스,삼성 / 반디플,132,130,0.985,2026-06-15,삼성 / 반디플:130; 개별주:2
두산에너빌리티,전력 / 에너지,46,41,0.891,2026-05-07,전력 / 에너지:41; 개별주:5
로킷헬스케어,BIO / 의료AI,32,31,0.969,2026-05-26,BIO / 의료AI:31; 실적 / 공시:1
삼성전기,삼성 / 반디플,34,30,0.882,2026-06-15,삼성 / 반디플:30; 로봇:2; MLCC:1; 개별주:1
심텍,삼성 / 반디플,30,29,0.967,2026-06-11,삼성 / 반디플:29; 개별주:1
현대차,로봇,41,29,0.707,2026-06-15,로봇:29; 이차전지:7; 현대차:2; 개별주:1; 자동차:1; 美 - 관세:1
이수페타시스,삼성 / 반디플,27,27,1.000,2026-06-11,삼성 / 반디플:27
티엘비,삼성 / 반디플,28,27,0.964,2026-06-11,삼성 / 반디플:27; 개별주:1
효성중공업,전력 / 에너지,27,27,1.000,2026-06-15,전력 / 에너지:27
LS ELECTRIC,전력 / 에너지,31,26,0.839,2026-06-15,전력 / 에너지:26; 개별주:4; 실적 / 공시:1
디앤디파마텍,BIO / 의료AI,26,26,1.000,2026-06-09,BIO / 의료AI:26
로보티즈,로봇,31,26,0.839,2026-06-12,로봇:26; 개별주:5
하나마이크론,삼성 / 반디플,26,25,0.962,2026-06-11,삼성 / 반디플:25; 실적 / 공시:1
알테오젠,BIO / 의료AI,26,24,0.923,2026-06-11,BIO / 의료AI:24; 개별주:2
에스피지,로봇,24,24,1.000,2026-06-01,로봇:24
에이비엘바이오,BIO / 의료AI,25,24,0.960,2026-04-28,BIO / 의료AI:24; 개별주:1
에이프릴바이오,BIO / 의료AI,24,24,1.000,2026-05-27,BIO / 의료AI:24
오름테라퓨틱,BIO / 의료AI,24,24,1.000,2026-06-11,BIO / 의료AI:24
한국피아이엠,로봇,28,24,0.857,2026-05-21,로봇:24; 개별주:4
HD현대일렉트릭,전력 / 에너지,26,23,0.885,2026-06-11,전력 / 에너지:23; 개별주:3
지투지바이오,BIO / 의료AI,24,23,0.958,2026-04-23,BIO / 의료AI:23; 개별주:1
코리아써키트,삼성 / 반디플,24,23,0.958,2026-06-11,삼성 / 반디플:23; 개별주:1
현대무벡스,로봇,25,23,0.920,2026-06-11,로봇:23; 개별주:2
대덕전자,삼성 / 반디플,24,22,0.917,2026-05-29,삼성 / 반디플:22; 개별주:2
두산,삼성 / 반디플,28,22,0.786,2026-06-01,삼성 / 반디플:22; 개별주:4; 로봇:1; 전력 / 에너지:1
삼현,로봇,24,22,0.917,2026-05-26,로봇:22; 개별주:1; 조선:1
피에스케이,삼성 / 반디플,22,22,1.000,2026-06-12,삼성 / 반디플:22
뉴로핏,BIO / 의료AI,25,21,0.840,2026-05-18,BIO / 의료AI:21; 개별주:4
엘앤에프,이차전지,26,21,0.808,2026-05-28,이차전지:21; 개별주:4; 로봇:1
온코닉테라퓨틱스,BIO / 의료AI,21,21,1.000,2026-05-12,BIO / 의료AI:21
우리기술,전력 / 에너지,23,21,0.913,2026-04-23,전력 / 에너지:21; 개별주:2
일동제약,BIO / 의료AI,21,21,1.000,2026-01-07,BIO / 의료AI:21
프로티나,BIO / 의료AI,22,21,0.955,2025-12-24,BIO / 의료AI:21; 개별주:1
한미반도체,삼성 / 반디플,23,21,0.913,2026-06-12,삼성 / 반디플:21; 개별주:2
레인보우로보틱스,로봇,20,20,1.000,2026-06-01,로봇:20
산일전기,전력 / 에너지,22,20,0.909,2026-05-21,전력 / 에너지:20; 개별주:1; 이차전지:1
태웅,전력 / 에너지,23,20,0.870,2026-04-23,전력 / 에너지:20; 개별주:3
피에스케이홀딩스,삼성 / 반디플,20,20,1.000,2026-06-12,삼성 / 반디플:20
HD현대에너지솔루션,전력 / 에너지,22,19,0.864,2026-05-14,전력 / 에너지:19; 개별주:3
삼성SDI,이차전지,25,19,0.760,2026-04-28,이차전지:19; 개별주:2; 로봇:2; 전력 / 에너지:1; 삼성 / 반디플:1
올릭스,BIO / 의료AI,19,19,1.000,2026-03-03,BIO / 의료AI:19
원익IPS,삼성 / 반디플,20,19,0.950,2026-06-12,삼성 / 반디플:19; 로봇:1
인벤티지랩,BIO / 의료AI,19,19,1.000,2026-02-27,BIO / 의료AI:19
파두,삼성 / 반디플,19,19,1.000,2026-05-19,삼성 / 반디플:19
HJ중공업,조선,30,18,0.600,2026-01-27,조선:18; 개별주:11; 실적 / 공시:1
ISC,삼성 / 반디플,19,18,0.947,2026-06-12,삼성 / 반디플:18; 개별주:1
삼천당제약,BIO / 의료AI,19,18,0.947,2026-04-02,BIO / 의료AI:18; 개별주:1
앱클론,BIO / 의료AI,18,18,1.000,2026-05-21,BIO / 의료AI:18
원익홀딩스,로봇,21,18,0.857,2026-06-11,로봇:18; 개별주:2; 삼성 / 반디플:1
테스,삼성 / 반디플,18,18,1.000,2026-06-10,삼성 / 반디플:18
현대오토에버,로봇,22,18,0.818,2026-05-29,로봇:18; 현대차:2; 자동차:1; 이차전지:1
LG에너지솔루션,이차전지,19,17,0.895,2026-06-15,이차전지:17; 개별주:2
뉴로메카,로봇,19,17,0.895,2026-05-21,로봇:17; 개별주:1; 조선:1
대우건설,전력 / 에너지,19,17,0.895,2026-04-28,전력 / 에너지:17; 개별주:2
두산테스나,삼성 / 반디플,17,17,1.000,2026-06-11,삼성 / 반디플:17
비에이치아이,전력 / 에너지,18,17,0.944,2026-03-06,전력 / 에너지:17; 개별주:1
알지노믹스,BIO / 의료AI,17,17,1.000,2026-05-22,BIO / 의료AI:17
제닉스로보틱스,로봇,18,17,0.944,2026-05-26,로봇:17; 정부 정책:1
제주반도체,삼성 / 반디플,18,17,0.944,2026-05-21,삼성 / 반디플:17; 실적 / 공시:1
지놈앤컴퍼니,BIO / 의료AI,18,17,0.944,2026-06-09,BIO / 의료AI:17; 개별주:1
코데즈컴바인,개별주,18,17,0.944,2026-06-15,개별주:17; 대북:1
클로봇,로봇,18,17,0.944,2026-01-19,로봇:17; 현대차:1
한라캐스트,로봇,20,17,0.850,2026-05-21,로봇:17; 개별주:2; 정부 정책:1
한화오션,조선,27,17,0.630,2026-06-10,조선:17; 개별주:8; 방산:1; 미중갈등 / 원자재:1
OCI홀딩스,전력 / 에너지,25,16,0.640,2026-05-27,전력 / 에너지:16; 개별주:7; 우주 / 항공:2
두산퓨얼셀,전력 / 에너지,20,16,0.800,2026-05-22,전력 / 에너지:16; 개별주:3; 조선:1
디아이씨,로봇,17,16,0.941,2026-05-22,로봇:16; 개별주:1
세진중공업,조선,16,16,1.000,2026-04-03,조선:16
에코프로,이차전지,20,16,0.800,2026-05-22,이차전지:16; 개별주:4
엠케이전자,삼성 / 반디플,16,16,1.000,2026-06-11,삼성 / 반디플:16
이오테크닉스,삼성 / 반디플,16,16,1.000,2026-06-12,삼성 / 반디플:16
현대건설,전력 / 에너지,17,16,0.941,2026-06-10,전력 / 에너지:16; 개별주:1
현대모비스,로봇,18,16,0.889,2026-06-15,로봇:16; 현대차:2
HD현대중공업,조선,25,15,0.600,2026-05-26,조선:15; 개별주:9; 전력 / 에너지:1
가온전선,전력 / 에너지,18,15,0.833,2026-06-09,전력 / 에너지:15; 개별주:3
기가비스,삼성 / 반디플,15,15,1.000,2026-06-11,삼성 / 반디플:15
덕산하이메탈,삼성 / 반디플,15,15,1.000,2026-06-04,삼성 / 반디플:15
비나텍,전력 / 에너지,18,15,0.833,2026-05-22,전력 / 에너지:15; 개별주:2; 로봇:1
저스템,삼성 / 반디플,16,15,0.938,2026-06-12,삼성 / 반디플:15; 개별주:1
좋은사람들,개별주,17,15,0.882,2026-06-15,개별주:15; 대북:1; 정부 정책:1
케이엔알시스템,로봇,16,15,0.938,2026-02-03,로봇:15; 전력 / 에너지:1
펩트론,BIO / 의료AI,15,15,1.000,2026-03-10,BIO / 의료AI:15
한올바이오파마,BIO / 의료AI,15,15,1.000,2026-05-27,BIO / 의료AI:15
한화엔진,조선,22,15,0.682,2026-06-15,조선:15; 개별주:5; 전력 / 에너지:2
현대ADM,BIO / 의료AI,16,15,0.938,2026-03-05,BIO / 의료AI:15; 개별주:1
HD현대마린엔진,조선,19,14,0.737,2026-04-24,조선:14; 개별주:5
STX엔진,조선,17,14,0.824,2026-04-29,조선:14; 전력 / 에너지:2; 개별주:1
대원전선,전력 / 에너지,15,14,0.933,2026-05-21,전력 / 에너지:14; 개별주:1
대한광통신,IT / 통신,35,14,0.400,2026-05-20,IT / 통신:14; 개별주:8; 전력 / 에너지:8; 로봇:2; 방산:2; 5G / 6G:1
대한전선,전력 / 에너지,14,14,1.000,2026-05-08,전력 / 에너지:14
동양고속,개별주,14,14,1.000,2026-06-02,개별주:14
로보스타,로봇,16,14,0.875,2026-06-05,로봇:14; 개별주:1; 정부 정책:1
아이티센글로벌,개별주,20,14,0.700,2026-05-04,개별주:14; 코인 / 가상자산:4; 원자재:1; 미-중 갈등 / 원자재:1
에스비비테크,로봇,17,14,0.824,2026-05-12,로봇:14; 현대차:2; 개별주:1
유진테크,삼성 / 반디플,14,14,1.000,2026-06-11,삼성 / 반디플:14
코미코,삼성 / 반디플,14,14,1.000,2026-06-11,삼성 / 반디플:14
토모큐브,BIO / 의료AI,14,14,1.000,2026-02-23,BIO / 의료AI:14
파미셀,삼성 / 반디플,16,14,0.875,2026-05-04,삼성 / 반디플:14; 실적 / 공시:1; 개별주:1
하이젠알앤엠,로봇,14,14,1.000,2026-01-21,로봇:14
한국전력,전력 / 에너지,17,14,0.824,2026-02-25,전력 / 에너지:14; 개별주:3
GS피앤엘,개별주,15,13,0.867,2026-06-05,개별주:13; 실적 / 공시:1; 화장품 / 중국:1
레이저쎌,삼성 / 반디플,13,13,1.000,2026-05-18,삼성 / 반디플:13
링크솔루션,로봇,17,13,0.765,2026-02-27,로봇:13; 개별주:3; 방산:1
빛과전자,IT / 통신,20,13,0.650,2026-05-22,IT / 통신:13; 개별주:4; 삼성 / 반디플:2; 5G / 6G:1
삼영엠텍,조선,17,13,0.765,2026-04-17,조선:13; 개별주:4
아이엘,로봇,13,13,1.000,2026-05-21,로봇:13
에이치엠넥스,삼성 / 반디플,14,13,0.929,2026-06-08,삼성 / 반디플:13; 개별주:1
에이팩트,삼성 / 반디플,14,13,0.929,2026-06-11,삼성 / 반디플:13; 로봇:1
에코프로비엠,이차전지,15,13,0.867,2026-01-29,이차전지:13; 로봇:1; 개별주:1
엘앤씨바이오,BIO / 의료AI,15,13,0.867,2026-06-11,BIO / 의료AI:13; 개별주:2
엠디바이스,삼성 / 반디플,13,13,1.000,2026-05-14,삼성 / 반디플:13
우림피티에스,로봇,13,13,1.000,2026-05-08,로봇:13
우진,전력 / 에너지,17,13,0.765,2026-03-20,전력 / 에너지:13; 개별주:4
케어젠,BIO / 의료AI,13,13,1.000,2026-04-23,BIO / 의료AI:13
코오롱티슈진,BIO / 의료AI,14,13,0.929,2026-06-09,BIO / 의료AI:13; 개별주:1
테크윙,삼성 / 반디플,13,13,1.000,2026-06-09,삼성 / 반디플:13
티로보틱스,로봇,13,13,1.000,2026-05-28,로봇:13
티에스이,삼성 / 반디플,13,13,1.000,2026-06-11,삼성 / 반디플:13
한미약품,BIO / 의료AI,14,13,0.929,2026-06-01,BIO / 의료AI:13; 개별주:1
한스바이오메드,BIO / 의료AI,16,13,0.812,2026-05-27,BIO / 의료AI:13; 개별주:2; 실적 / 공시:1
한중엔시에스,이차전지,16,13,0.812,2026-05-28,이차전지:13; 개별주:2; 전력 / 에너지:1
한화솔루션,전력 / 에너지,15,13,0.867,2026-06-15,전력 / 에너지:13; 개별주:2
현대바이오,BIO / 의료AI,13,13,1.000,2026-05-22,BIO / 의료AI:13
휴림로봇,로봇,15,13,0.867,2026-06-01,로봇:13; 개별주:1; 정부 정책:1
DB하이텍,삼성 / 반디플,13,12,0.923,2026-06-12,삼성 / 반디플:12; 개별주:1
HD한국조선해양,조선,15,12,0.800,2026-06-10,조선:12; 개별주:3
HPSP,삼성 / 반디플,12,12,1.000,2026-06-15,삼성 / 반디플:12
LG이노텍,삼성 / 반디플,19,12,0.632,2026-06-15,삼성 / 반디플:12; 로봇:5; 개별주:2
광전자,IT / 통신,13,12,0.923,2026-05-20,IT / 통신:12; 삼성 / 반디플:1
네오티스,삼성 / 반디플,13,12,0.923,2026-06-04,삼성 / 반디플:12; 개별주:1
네패스아크,삼성 / 반디플,12,12,1.000,2026-06-15,삼성 / 반디플:12
넥스트바이오메디컬,BIO / 의료AI,12,12,1.000,2026-06-05,BIO / 의료AI:12
두산로보틱스,로봇,12,12,1.000,2026-06-02,로봇:12
머큐리,IT / 통신,14,12,0.857,2026-05-11,IT / 통신:12; 개별주:1; 5G / 6G:1
보로노이,BIO / 의료AI,13,12,0.923,2026-04-20,BIO / 의료AI:12; 개별주:1
브이엠,삼성 / 반디플,13,12,0.923,2026-06-12,삼성 / 반디플:12; 실적 / 공시:1
세미파이브,삼성 / 반디플,12,12,1.000,2026-05-26,삼성 / 반디플:12
솔브레인,삼성 / 반디플,12,12,1.000,2026-06-12,삼성 / 반디플:12
씨어스테크놀로지,BIO / 의료AI,14,12,0.857,2026-03-10,BIO / 의료AI:12; 개별주:2
에스오에스랩,로봇,14,12,0.857,2026-06-12,로봇:12; 이차전지:1; 개별주:1
에이피알,개별주,14,12,0.857,2026-05-08,개별주:12; 화장품:1; 화장품 / 중국:1
에프에스티,삼성 / 반디플,12,12,1.000,2026-04-14,삼성 / 반디플:12
오르비텍,전력 / 에너지,13,12,0.923,2026-04-23,전력 / 에너지:12; 개별주:1
유투바이오,개별주,13,12,0.923,2026-03-30,개별주:12; BIO / 의료AI:1
인텍플러스,삼성 / 반디플,12,12,1.000,2026-06-11,삼성 / 반디플:12
일승,조선,12,12,1.000,2025-10-21,조선:12
일진전기,전력 / 에너지,13,12,0.923,2026-05-04,전력 / 에너지:12; 개별주:1
주성엔지니어링,삼성 / 반디플,14,12,0.857,2026-06-11,삼성 / 반디플:12; 전력 / 에너지:2
큐리오시스,BIO / 의료AI,12,12,1.000,2026-04-20,BIO / 의료AI:12
LG전자,로봇,15,11,0.733,2026-06-05,로봇:11; 개별주:2; 전력 / 에너지:1; 삼성 / 반디플:1
SKC,삼성 / 반디플,11,11,1.000,2026-06-11,삼성 / 반디플:11
SK스퀘어,삼성 / 반디플,16,11,0.688,2026-06-02,삼성 / 반디플:11; 개별주:5
SNT에너지,전력 / 에너지,12,11,0.917,2026-05-06,전력 / 에너지:11; 개별주:1
계양전기,로봇,11,11,1.000,2026-05-12,로봇:11
그래피,BIO / 의료AI,15,11,0.733,2026-02-23,BIO / 의료AI:11; 개별주:4
기아,로봇,22,11,0.500,2026-05-21,로봇:11; 이차전지:7; 현대차:2; 자동차:1; 美 - 관세:1
노타,로봇,15,11,0.733,2026-06-04,로봇:11; 삼성 / 반디플:4
다날,개별주,16,11,0.688,2026-04-06,개별주:11; 코인 / 가상자산:5
더블유에스아이,로봇,12,11,0.917,2026-01-12,로봇:11; BIO / 의료AI:1
동진쎄미켐,삼성 / 반디플,11,11,1.000,2026-06-04,삼성 / 반디플:11
리가켐바이오,BIO / 의료AI,11,11,1.000,2026-06-09,BIO / 의료AI:11
바이젠셀,BIO / 의료AI,13,11,0.846,2026-06-08,BIO / 의료AI:11; 개별주:2
보성파워텍,전력 / 에너지,13,11,0.846,2026-05-06,전력 / 에너지:11; 개별주:2
삼성에피스홀딩스,BIO / 의료AI,11,11,1.000,2026-04-15,BIO / 의료AI:11
삼성중공업,조선,17,11,0.647,2026-05-11,조선:11; 개별주:5; 전력 / 에너지:1
삼익제약,BIO / 의료AI,11,11,1.000,2026-06-15,BIO / 의료AI:11
삼화콘덴서,삼성 / 반디플,14,11,0.786,2026-06-15,삼성 / 반디플:11; 로봇:2; MLCC:1
씨메스,로봇,12,11,0.917,2026-03-11,로봇:11; 개별주:1
아이티켐,BIO / 의료AI,12,11,0.917,2026-03-10,BIO / 의료AI:11; 개별주:1
에스투더블유,개별주,19,11,0.579,2026-05-26,개별주:11; IT / 통신:5; 로봇:3
에스피시스템스,로봇,12,11,0.917,2026-01-21,로봇:11; 현대차:1
에이디테크놀로지,삼성 / 반디플,13,11,0.846,2026-04-14,삼성 / 반디플:11; 실적 / 공시:1; 개별주:1
와이씨,삼성 / 반디플,11,11,1.000,2026-04-24,삼성 / 반디플:11
전진건설로봇,개별주,12,11,0.917,2026-05-29,개별주:11; 전력 / 에너지:1
케이씨텍,삼성 / 반디플,11,11,1.000,2026-06-12,삼성 / 반디플:11
케이프,조선,11,11,1.000,2026-04-22,조선:11
큐렉소,로봇,13,11,0.846,2026-03-26,로봇:11; BIO / 의료AI:1; 개별주:1
포스코퓨처엠,이차전지,12,11,0.917,2026-04-21,이차전지:11; 미-중 갈등 / 원자재:1
한화비전,삼성 / 반디플,12,11,0.917,2026-06-04,삼성 / 반디플:11; 개별주:1
RF머트리얼즈,IT / 통신,24,10,0.417,2026-05-22,IT / 통신:10; 개별주:6; 삼성 / 반디플:4; 로봇:2; 우주 / 항공:1; 방산:1
SFA반도체,삼성 / 반디플,10,10,1.000,2026-05-22,삼성 / 반디플:10
고영,로봇,15,10,0.667,2026-06-12,로봇:10; 삼성 / 반디플:4; BIO / 의료AI:1
나우로보틱스,로봇,12,10,0.833,2026-05-07,로봇:10; 개별주:2
동방선기,조선,11,10,0.909,2026-05-11,조선:10; 개별주:1
디아이,삼성 / 반디플,10,10,1.000,2026-03-05,삼성 / 반디플:10
라이콤,IT / 통신,15,10,0.667,2026-06-11,IT / 통신:10; 개별주:3; 방산:1; 로봇:1
삼양바이오팜,BIO / 의료AI,12,10,0.833,2026-03-26,BIO / 의료AI:10; 개별주:2
삼양엔씨켐,삼성 / 반디플,10,10,1.000,2026-06-12,삼성 / 반디플:10
샘씨엔에스,삼성 / 반디플,10,10,1.000,2026-06-04,삼성 / 반디플:10
씨엠티엑스,삼성 / 반디플,10,10,1.000,2026-04-16,삼성 / 반디플:10
에스앤에스텍,삼성 / 반디플,10,10,1.000,2026-04-09,삼성 / 반디플:10
에이치브이엠,우주 / 항공,22,10,0.455,2026-05-26,우주 / 항공:10; 개별주:9; 방산:3
에치에프알,IT / 통신,13,10,0.769,2026-06-04,IT / 통신:10; 개별주:2; 방산:1
엔켐,이차전지,14,10,0.714,2026-04-21,이차전지:10; 로봇:2; 개별주:2
오이솔루션,IT / 통신,16,10,0.625,2026-06-04,IT / 통신:10; 개별주:3; 로봇:1; 전력 / 에너지:1; 5G / 6G:1
우리로,IT / 통신,14,10,0.714,2026-05-22,IT / 통신:10; 삼성 / 반디플:2; 개별주:2
이노스페이스,우주 / 항공,20,10,0.500,2026-06-08,우주 / 항공:10; 개별주:7; 방산:3
재영솔루텍,로봇,15,10,0.667,2026-04-30,로봇:10; 개별주:5
지엔씨에너지,전력 / 에너지,10,10,1.000,2026-06-10,전력 / 에너지:10
천일고속,개별주,10,10,1.000,2026-06-02,개별주:10
큐리옥스바이오시스템즈,BIO / 의료AI,11,10,0.909,2026-03-18,BIO / 의료AI:10; 개별주:1
툴젠,BIO / 의료AI,11,10,0.909,2026-05-11,BIO / 의료AI:10; 개별주:1
티에프이,삼성 / 반디플,10,10,1.000,2026-06-11,삼성 / 반디플:10
파로스아이바이오,BIO / 의료AI,10,10,1.000,2026-06-05,BIO / 의료AI:10
피델릭스,삼성 / 반디플,10,10,1.000,2026-05-28,삼성 / 반디플:10
한전기술,전력 / 에너지,12,10,0.833,2026-02-04,전력 / 에너지:10; 개별주:2
해성디에스,삼성 / 반디플,10,10,1.000,2026-05-26,삼성 / 반디플:10
현대글로비스,로봇,13,10,0.769,2026-05-13,로봇:10; 현대차:1; 실적 / 공시:1; 개별주:1
현대약품,BIO / 의료AI,10,10,1.000,2026-06-15,BIO / 의료AI:10
HL만도,로봇,12,9,0.750,2026-06-15,로봇:9; 현대차:1; 개별주:1; 美 - 관세:1
LIG넥스원,방산,15,9,0.600,2026-04-13,방산:9; 중동전쟁 / 원자재:2; 조선:2; 전력 / 에너지:1; 개별주:1
SK이터닉스,전력 / 에너지,15,9,0.600,2026-06-15,전력 / 에너지:9; 개별주:3; 실적 / 공시:2; 이차전지:1
고려아연,개별주,11,9,0.818,2026-02-24,개별주:9; 미중갈등 / 원자재:1; 미-중 갈등 / 원자재:1
네패스,삼성 / 반디플,9,9,1.000,2026-06-15,삼성 / 반디플:9
리브스메드,로봇,10,9,0.900,2026-05-20,로봇:9; BIO / 의료AI:1
메디아나,BIO / 의료AI,11,9,0.818,2026-02-13,BIO / 의료AI:9; 개별주:1; 실적 / 공시:1
미래에셋벤처투자,개별주,21,9,0.429,2026-05-26,개별주:9; 우주 / 항공:7; 방산:4; 삼성 / 반디플:1
미래에셋생명,개별주,9,9,1.000,2026-06-11,개별주:9
미래에셋증권,개별주,18,9,0.500,2026-05-06,개별주:9; 우주 / 항공:3; 방산:3; 실적 / 공시:1; 정부 정책:1; 코인 / 가상자산:1
삼화전기,삼성 / 반디플,11,9,0.818,2026-05-22,삼성 / 반디플:9; MLCC:1; 전력 / 에너지:1
센서뷰,개별주,20,9,0.450,2026-06-08,개별주:9; 방산:5; 우주 / 항공:3; 조선:2; IT / 통신:1
수젠텍,BIO / 의료AI,11,9,0.818,2026-05-20,BIO / 의료AI:9; 개별주:2
스피어,우주 / 항공,18,9,0.500,2026-06-11,우주 / 항공:9; 개별주:7; 방산:2
아이씨티케이,IT / 통신,20,9,0.450,2026-06-09,IT / 통신:9; 개별주:9; 로봇:2
알에스오토메이션,로봇,11,9,0.818,2026-03-03,로봇:9; 방산:1; 개별주:1
에스에너지,전력 / 에너지,9,9,1.000,2026-05-14,전력 / 에너지:9
에스와이스틸텍,개별주,9,9,1.000,2026-05-07,개별주:9
엔케이,조선,9,9,1.000,2025-12-23,조선:9
와이바이오로직스,BIO / 의료AI,9,9,1.000,2026-03-16,BIO / 의료AI:9
유일로보틱스,로봇,9,9,1.000,2026-06-02,로봇:9
유진로봇,로봇,10,9,0.900,2026-02-10,로봇:9; 개별주:1
이노인스트루먼트,IT / 통신,11,9,0.818,2026-05-20,IT / 통신:9; 삼성 / 반디플:1; 개별주:1
이랜시스,로봇,9,9,1.000,2026-05-11,로봇:9
이뮨온시아,BIO / 의료AI,10,9,0.900,2026-03-27,BIO / 의료AI:9; 개별주:1
이수스페셜티케미컬,이차전지,16,9,0.562,2026-04-21,이차전지:9; 개별주:4; 로봇:2; 전력 / 에너지:1
지아이이노베이션,BIO / 의료AI,10,9,0.900,2026-06-11,BIO / 의료AI:9; 개별주:1
컨텍,우주 / 항공,11,9,0.818,2026-05-18,우주 / 항공:9; 개별주:2
코오롱모빌리티그룹,개별주,9,9,1.000,2025-12-05,개별주:9
키움증권,개별주,10,9,0.900,2026-05-06,개별주:9; 정부 정책:1
티엑스알로보틱스,로봇,9,9,1.000,2026-01-22,로봇:9
펄어비스,개별주,10,9,0.900,2026-03-30,개별주:9; IP / 엔터:1
한양디지텍,삼성 / 반디플,9,9,1.000,2026-05-22,삼성 / 반디플:9
해성에어로보틱스,로봇,9,9,1.000,2026-06-01,로봇:9
GST,삼성 / 반디플,9,8,0.889,2026-06-09,삼성 / 반디플:8; 개별주:1
HD현대미포,조선,9,8,0.889,2025-11-14,조선:8; 개별주:1
KBI메탈,전력 / 에너지,10,8,0.800,2026-05-21,전력 / 에너지:8; 개별주:2
LS,전력 / 에너지,10,8,0.800,2026-06-01,전력 / 에너지:8; 개별주:2
LS머트리얼즈,전력 / 에너지,10,8,0.800,2026-05-21,전력 / 에너지:8; 삼성 / 반디플:1; 개별주:1
SG,개별주,9,8,0.889,2026-02-06,개별주:8; 실적 / 공시:1
SK증권,개별주,8,8,1.000,2026-05-06,개별주:8
기가레인,IT / 통신,13,8,0.615,2026-05-11,IT / 통신:8; 삼성 / 반디플:2; 개별주:1; 전력 / 에너지:1; 5G / 6G:1
나라스페이스테크놀로지,우주 / 항공,16,8,0.500,2026-05-18,우주 / 항공:8; 방산:5; 개별주:3
나이벡,BIO / 의료AI,9,8,0.889,2026-04-15,BIO / 의료AI:8; 개별주:1
네오셈,삼성 / 반디플,9,8,0.889,2026-03-06,삼성 / 반디플:8; 개별주:1
네이처셀,BIO / 의료AI,9,8,0.889,2026-06-04,BIO / 의료AI:8; 개별주:1
대명에너지,전력 / 에너지,8,8,1.000,2026-04-03,전력 / 에너지:8
대주산업,개별주,9,8,0.889,2026-04-10,개별주:8; 정치:1
롯데관광개발,개별주,8,8,1.000,2026-02-05,개별주:8
루닛,BIO / 의료AI,8,8,1.000,2025-12-22,BIO / 의료AI:8
메디포스트,BIO / 의료AI,8,8,1.000,2026-04-23,BIO / 의료AI:8
메지온,BIO / 의료AI,8,8,1.000,2026-03-19,BIO / 의료AI:8
모베이스전자,로봇,8,8,1.000,2026-05-12,로봇:8
삼표시멘트,개별주,9,8,0.889,2026-03-11,개별주:8; 정부 정책:1
새빗켐,이차전지,11,8,0.727,2026-04-07,이차전지:8; 개별주:2; 미-중 갈등 / 원자재:1
성호전자,삼성 / 반디플,20,8,0.400,2026-06-11,삼성 / 반디플:8; IT / 통신:6; 개별주:4; 전력 / 에너지:1; 로봇:1
세아베스틸지주,우주 / 항공,12,8,0.667,2026-05-18,우주 / 항공:8; 개별주:3; 방산:1
셀비온,BIO / 의료AI,9,8,0.889,2026-02-19,BIO / 의료AI:8; 개별주:1
쏠리드,IT / 통신,13,8,0.615,2026-05-22,IT / 통신:8; 개별주:3; 로봇:1; 5G / 6G:1
아우토크립트,로봇,9,8,0.889,2026-03-10,로봇:8; 개별주:1
아이로보틱스,로봇,8,8,1.000,2026-06-08,로봇:8
아주IB투자,우주 / 항공,21,8,0.381,2026-05-18,우주 / 항공:8; 개별주:8; 방산:5
아진엑스텍,로봇,10,8,0.800,2026-05-07,로봇:8; 개별주:2
에임드바이오,BIO / 의료AI,8,8,1.000,2026-06-11,BIO / 의료AI:8
엑스게이트,IT / 통신,13,8,0.615,2026-05-26,IT / 통신:8; 개별주:3; 로봇:2
엑시콘,삼성 / 반디플,8,8,1.000,2026-05-22,삼성 / 반디플:8
엔비알모션,로봇,10,8,0.800,2026-06-15,로봇:8; 개별주:2
오가노이드사이언스,BIO / 의료AI,8,8,1.000,2025-12-18,BIO / 의료AI:8
오리엔탈정공,조선,8,8,1.000,2025-10-21,조선:8
오스코텍,BIO / 의료AI,8,8,1.000,2026-03-13,BIO / 의료AI:8
오킨스전자,삼성 / 반디플,9,8,0.889,2026-04-17,삼성 / 반디플:8; 실적 / 공시:1
유니셈,삼성 / 반디플,8,8,1.000,2026-06-12,삼성 / 반디플:8
이브이첨단소재,이차전지,10,8,0.800,2026-05-28,이차전지:8; 개별주:2
인투셀,BIO / 의료AI,9,8,0.889,2026-04-14,BIO / 의료AI:8; 개별주:1
젠큐릭스,BIO / 의료AI,9,8,0.889,2026-05-07,BIO / 의료AI:8; 개별주:1
케이에스피,조선,9,8,0.889,2026-04-28,조선:8; 개별주:1
케이엠더블유,IT / 통신,13,8,0.615,2026-06-04,IT / 통신:8; 개별주:2; 삼성 / 반디플:1; 5G / 6G:1; 방산:1
켐트로닉스,삼성 / 반디플,8,8,1.000,2026-05-06,삼성 / 반디플:8
코스모신소재,이차전지,8,8,1.000,2026-04-21,이차전지:8
쿼드메디슨,BIO / 의료AI,8,8,1.000,2026-02-11,BIO / 의료AI:8
큐라클,BIO / 의료AI,8,8,1.000,2026-02-03,BIO / 의료AI:8
태성,삼성 / 반디플,10,8,0.800,2026-05-19,삼성 / 반디플:8; 개별주:2
피앤에스로보틱스,로봇,11,8,0.727,2026-05-13,로봇:8; 개별주:2; 정부 정책:1
필옵틱스,삼성 / 반디플,8,8,1.000,2026-05-06,삼성 / 반디플:8
하나머티리얼즈,삼성 / 반디플,8,8,1.000,2026-06-11,삼성 / 반디플:8
한국첨단소재,IT / 통신,13,8,0.615,2026-05-26,IT / 통신:8; 개별주:3; 로봇:2
한성크린텍,삼성 / 반디플,8,8,1.000,2026-05-28,삼성 / 반디플:8
한전산업,전력 / 에너지,10,8,0.800,2026-02-20,전력 / 에너지:8; 개별주:2
한화시스템,방산,20,8,0.400,2026-04-07,방산:8; 개별주:5; 조선:4; 전력 / 에너지:1; 중동전쟁 / 원자재:1; 우주 / 항공:1
헥토파이낸셜,개별주,14,8,0.571,2026-05-11,개별주:8; 코인 / 가상자산:6
GS건설,전력 / 에너지,8,7,0.875,2026-05-07,전력 / 에너지:7; 개별주:1
LG씨엔에스,로봇,10,7,0.700,2026-06-01,로봇:7; 코인 / 가상자산:1; 개별주:1; 전력 / 에너지:1
LS마린솔루션,전력 / 에너지,7,7,1.000,2026-05-04,전력 / 에너지:7
RF시스템즈,방산,10,7,0.700,2026-04-17,방산:7; 조선:1; 전력 / 에너지:1; IT / 통신:1
SK바이오팜,BIO / 의료AI,7,7,1.000,2025-11-28,BIO / 의료AI:7
가온칩스,삼성 / 반디플,8,7,0.875,2026-04-27,삼성 / 반디플:7; 개별주:1
그린리소스,삼성 / 반디플,15,7,0.467,2026-04-21,삼성 / 반디플:7; 전력 / 에너지:3; 개별주:3; 실적 / 공시:2
그린생명과학,BIO / 의료AI,10,7,0.700,2026-05-13,BIO / 의료AI:7; 삼성 / 반디플:2; 개별주:1
노을,BIO / 의료AI,7,7,1.000,2025-11-27,BIO / 의료AI:7
달바글로벌,개별주,9,7,0.778,2026-05-12,개별주:7; 실적 / 공시:1; 화장품 / 중국:1
대성산업,개별주,9,7,0.778,2026-03-03,개별주:7; 방산:1; 원자재:1
더블유씨피,이차전지,11,7,0.636,2026-05-28,이차전지:7; 전력 / 에너지:2; 개별주:2
덕산네오룩스,삼성 / 반디플,9,7,0.778,2026-04-10,삼성 / 반디플:7; IT / 통신:1; 개별주:1
동일스틸럭스,조선,10,7,0.700,2026-04-09,조선:7; 개별주:2; 중동전쟁 / 원자재:1
드림시큐리티,IT / 통신,7,7,1.000,2026-05-26,IT / 통신:7
레이크머티리얼즈,이차전지,8,7,0.875,2026-04-21,이차전지:7; 개별주:1
루미르,우주 / 항공,13,7,0.538,2026-05-18,우주 / 항공:7; 방산:4; 조선:1; 개별주:1
리노공업,삼성 / 반디플,7,7,1.000,2026-06-09,삼성 / 반디플:7
마음AI,로봇,8,7,0.875,2026-06-04,로봇:7; 전력 / 에너지:1
모델솔루션,로봇,10,7,0.700,2026-06-12,로봇:7; 개별주:1; 우주 / 항공:1; 정부 정책:1
비츠로셀,개별주,10,7,0.700,2026-05-11,개별주:7; 전력 / 에너지:2; 방산:1
빛샘전자,IT / 통신,7,7,1.000,2026-05-07,IT / 통신:7
상신이디피,이차전지,8,7,0.875,2026-04-21,이차전지:7; 로봇:1
소룩스,BIO / 의료AI,8,7,0.875,2026-05-15,BIO / 의료AI:7; 개별주:1
스맥,로봇,12,7,0.583,2026-01-07,로봇:7; 개별주:5
신성에스티,이차전지,8,7,0.875,2026-05-28,이차전지:7; 전력 / 에너지:1
신성이엔지,삼성 / 반디플,9,7,0.778,2026-04-15,삼성 / 반디플:7; 전력 / 에너지:2
신세계,개별주,7,7,1.000,2026-06-10,개별주:7
심텍홀딩스,삼성 / 반디플,8,7,0.875,2026-05-22,삼성 / 반디플:7; 개별주:1
쎄크,삼성 / 반디플,9,7,0.778,2026-05-20,삼성 / 반디플:7; 개별주:1; BIO / 의료AI:1
쎄트렉아이,우주 / 항공,17,7,0.412,2026-04-13,우주 / 항공:7; 방산:5; 개별주:3; 실적 / 공시:1; 조선:1
아이에스티이,삼성 / 반디플,9,7,0.778,2026-05-27,삼성 / 반디플:7; 로봇:1; 개별주:1
에스엠코어,로봇,8,7,0.875,2026-02-03,로봇:7; 정부 정책:1
에프엔에스테크,삼성 / 반디플,7,7,1.000,2026-05-19,삼성 / 반디플:7
온코크로스,BIO / 의료AI,7,7,1.000,2026-04-20,BIO / 의료AI:7
와이지엔터테인먼트,개별주,9,7,0.778,2026-06-11,개별주:7; 코인 / 가상자산:1; IP / 엔터:1
우리넷,IT / 통신,8,7,0.875,2026-04-27,IT / 통신:7; 삼성 / 반디플:1
젬백스,BIO / 의료AI,7,7,1.000,2026-02-26,BIO / 의료AI:7
지니너스,BIO / 의료AI,7,7,1.000,2026-04-14,BIO / 의료AI:7
코닉오토메이션,로봇,9,7,0.778,2025-10-20,로봇:7; 정부 정책:1; 개별주:1
코스모로보틱스,로봇,7,7,1.000,2026-06-15,로봇:7
코스텍시스,삼성 / 반디플,13,7,0.538,2026-05-18,삼성 / 반디플:7; IT / 통신:5; 개별주:1
코윈테크,로봇,8,7,0.875,2026-01-22,로봇:7; 전력 / 에너지:1
퀄리타스반도체,삼성 / 반디플,10,7,0.700,2026-05-04,삼성 / 반디플:7; IT / 통신:3
하이드로리튬,이차전지,11,7,0.636,2026-03-31,이차전지:7; 개별주:2; 중동전쟁:1; 미-중 갈등 / 원자재:1
한선엔지니어링,전력 / 에너지,10,7,0.700,2026-05-19,전력 / 에너지:7; 개별주:1; 실적 / 공시:1; 조선:1
한솔아이원스,삼성 / 반디플,7,7,1.000,2026-06-11,삼성 / 반디플:7
한솔테크닉스,삼성 / 반디플,9,7,0.778,2026-06-11,삼성 / 반디플:7; 개별주:2
한켐,삼성 / 반디플,8,7,0.875,2026-06-15,삼성 / 반디플:7; 전력 / 에너지:1
한화에어로스페이스,개별주,17,7,0.412,2026-04-07,개별주:7; 방산:6; 조선:4
현대로템,개별주,13,7,0.538,2026-04-29,개별주:7; 방산:4; 조선:2
CJ,개별주,6,6,1.000,2026-06-01,개별주:6
DL이앤씨,전력 / 에너지,8,6,0.750,2026-05-07,전력 / 에너지:6; 개별주:2
DSC인베스트먼트,삼성 / 반디플,10,6,0.600,2026-05-29,삼성 / 반디플:6; 개별주:4
HD현대건설기계,개별주,9,6,0.667,2026-01-12,개별주:6; 전력 / 에너지:2; 실적 / 공시:1
HLB,BIO / 의료AI,6,6,1.000,2026-03-03,BIO / 의료AI:6
HLB이노베이션,BIO / 의료AI,7,6,0.857,2026-05-12,BIO / 의료AI:6; 개별주:1
KX하이텍,삼성 / 반디플,6,6,1.000,2026-06-04,삼성 / 반디플:6
LG디스플레이,삼성 / 반디플,11,6,0.545,2026-06-02,삼성 / 반디플:6; 로봇:4; 개별주:1
NAVER,로봇,13,6,0.462,2026-06-12,로봇:6; 코인 / 가상자산:5; 개별주:1; 정부 정책:1
SGC에너지,전력 / 에너지,7,6,0.857,2026-04-22,전력 / 에너지:6; 조선:1
SKAI,로봇,8,6,0.750,2026-05-28,로봇:6; 개별주:1; AI:1
SK오션플랜트,개별주,14,6,0.429,2026-06-10,개별주:6; 전력 / 에너지:5; 조선:3
강원에너지,전력 / 에너지,11,6,0.545,2026-03-31,전력 / 에너지:6; 이차전지:3; 중동전쟁:1; 개별주:1
금양그린파워,전력 / 에너지,6,6,1.000,2026-03-31,전력 / 에너지:6
나노팀,우주 / 항공,12,6,0.500,2026-05-28,우주 / 항공:6; 개별주:2; 방산:2; 이차전지:1; 로봇:1
대주전자재료,전력 / 에너지,11,6,0.545,2026-05-22,전력 / 에너지:6; 이차전지:2; 우주 / 항공:1; 방산:1; 개별주:1
대진첨단소재,이차전지,11,6,0.545,2026-02-10,이차전지:6; 개별주:4; 정부 정책:1
대한유화,개별주,7,6,0.857,2026-04-29,개별주:6; 전력 / 에너지:1
대한조선,조선,8,6,0.750,2026-03-31,조선:6; 중동전쟁:1; 개별주:1
드림씨아이에스,BIO / 의료AI,7,6,0.857,2026-05-13,BIO / 의료AI:6; 개별주:1
디바이스,삼성 / 반디플,6,6,1.000,2026-05-27,삼성 / 반디플:6
디아이티,삼성 / 반디플,7,6,0.857,2026-05-18,삼성 / 반디플:6; 개별주:1
모비스,전력 / 에너지,11,6,0.545,2026-04-15,전력 / 에너지:6; 개별주:5
모헨즈,개별주,8,6,0.750,2026-06-10,개별주:6; 로봇:1; 정치:1
미래나노텍,이차전지,9,6,0.667,2026-03-31,이차전지:6; 개별주:2; 중동전쟁:1
미래반도체,삼성 / 반디플,6,6,1.000,2026-05-14,삼성 / 반디플:6
미투온,개별주,10,6,0.600,2026-04-15,개별주:6; 코인 / 가상자산:3; IP / 엔터:1
베셀,개별주,6,6,1.000,2026-03-23,개별주:6
부국증권,개별주,7,6,0.857,2026-02-03,개별주:6; 정부 정책:1
비보존 제약,BIO / 의료AI,7,6,0.857,2026-06-10,BIO / 의료AI:6; 개별주:1
비에이치,삼성 / 반디플,14,6,0.429,2026-05-22,삼성 / 반디플:6; IT / 통신:3; 개별주:2; 로봇:2; 실적 / 공시:1
삼미금속,전력 / 에너지,11,6,0.545,2026-05-21,전력 / 에너지:6; 개별주:4; 로봇:1
상상인증권,개별주,6,6,1.000,2026-03-20,개별주:6
서부T&D,개별주,8,6,0.750,2026-01-30,개별주:6; 실적 / 공시:1; 화장품 / 중국:1
선도전기,전력 / 에너지,7,6,0.857,2026-05-21,전력 / 에너지:6; 개별주:1
선익시스템,삼성 / 반디플,11,6,0.545,2026-06-09,삼성 / 반디플:6; 전력 / 에너지:4; 개별주:1
세명전기,전력 / 에너지,6,6,1.000,2026-04-29,전력 / 에너지:6
세아메카닉스,로봇,13,6,0.462,2026-06-01,로봇:6; 이차전지:5; 개별주:1; 美 - 관세:1
셀트리온,BIO / 의료AI,6,6,1.000,2026-02-11,BIO / 의료AI:6
슈어소프트테크,로봇,9,6,0.667,2026-05-08,로봇:6; 이차전지:2; 자율주행:1
싸이버원,개별주,10,6,0.600,2026-04-23,개별주:6; IT / 통신:3; 로봇:1
썸에이지,개별주,6,6,1.000,2025-08-29,개별주:6
쓰리빌리언,BIO / 의료AI,7,6,0.857,2026-04-24,BIO / 의료AI:6; 개별주:1
씨피시스템,로봇,17,6,0.353,2026-02-09,로봇:6; 조선:6; 삼성 / 반디플:4; 개별주:1
아모센스,전력 / 에너지,8,6,0.750,2026-04-29,전력 / 에너지:6; 개별주:2
아모텍,삼성 / 반디플,12,6,0.500,2026-06-11,삼성 / 반디플:6; IT / 통신:3; MLCC:1; 로봇:1; 개별주:1
알트,로봇,6,6,1.000,2026-06-05,로봇:6
에스제이그룹,개별주,7,6,0.857,2026-04-10,개별주:6; 정치:1
에이스테크,IT / 통신,10,6,0.600,2026-04-13,IT / 통신:6; 개별주:2; 전력 / 에너지:1; 5G / 6G:1
에프알텍,IT / 통신,6,6,1.000,2026-04-14,IT / 통신:6
엘티씨,삼성 / 반디플,6,6,1.000,2026-06-11,삼성 / 반디플:6
옵투스제약,BIO / 의료AI,7,6,0.857,2026-03-31,BIO / 의료AI:6; 개별주:1
유니테스트,삼성 / 반디플,11,6,0.545,2026-05-14,삼성 / 반디플:6; 전력 / 에너지:5
이노테크,삼성 / 반디플,6,6,1.000,2026-04-22,삼성 / 반디플:6
인베니아,삼성 / 반디플,6,6,1.000,2026-01-12,삼성 / 반디플:6
일동홀딩스,BIO / 의료AI,6,6,1.000,2025-12-11,BIO / 의료AI:6
제이엔비,삼성 / 반디플,6,6,1.000,2025-12-30,삼성 / 반디플:6
중앙첨단소재,이차전지,7,6,0.857,2026-04-21,이차전지:6; 개별주:1
지노믹트리,BIO / 의료AI,6,6,1.000,2025-12-19,BIO / 의료AI:6
케이엔에스,로봇,7,6,0.857,2026-03-06,로봇:6; 삼성 / 반디플:1
태광,전력 / 에너지,10,6,0.600,2026-04-06,전력 / 에너지:6; 조선:3; 개별주:1
티씨머티리얼즈,전력 / 에너지,8,6,0.750,2026-05-21,전력 / 에너지:6; 개별주:2
티씨케이,삼성 / 반디플,6,6,1.000,2026-05-13,삼성 / 반디플:6
티움바이오,BIO / 의료AI,6,6,1.000,2026-04-27,BIO / 의료AI:6
파이버프로,IT / 통신,12,6,0.500,2026-05-11,IT / 통신:6; 우주 / 항공:4; 개별주:1; 방산:1
펨트론,삼성 / 반디플,6,6,1.000,2026-06-12,삼성 / 반디플:6
폴라리스AI파마,BIO / 의료AI,6,6,1.000,2026-05-07,BIO / 의료AI:6
플리토,로봇,11,6,0.545,2026-05-29,로봇:6; 개별주:4; AI:1
한온시스템,개별주,11,6,0.545,2026-06-15,개별주:6; 이차전지:3; 로봇:2
한텍,전력 / 에너지,8,6,0.750,2026-03-23,전력 / 에너지:6; 실적 / 공시:1; 美 - 관세:1
한화갤러리아,개별주,6,6,1.000,2026-05-13,개별주:6
헬릭스미스,BIO / 의료AI,6,6,1.000,2026-04-08,BIO / 의료AI:6
현대위아,로봇,8,6,0.750,2026-05-21,로봇:6; 현대차:2
현대힘스,조선,9,6,0.667,2026-03-24,조선:6; 개별주:3
협진,로봇,6,6,1.000,2026-01-21,로봇:6
화신,로봇,7,6,0.857,2026-06-08,로봇:6; 美 - 관세:1
후성,삼성 / 반디플,15,6,0.400,2026-06-15,삼성 / 반디플:6; 개별주:3; 이차전지:3; 전력 / 에너지:2; 중동전쟁 / 원자재:1
흥구석유,개별주,13,6,0.462,2026-06-08,개별주:6; 방산:3; 전력 / 에너지:1; 중동전쟁 / 원자재:1; 중동전쟁:1; 원자재:1
HD현대,조선,7,5,0.714,2026-04-23,조선:5; 개별주:2
HD현대마린솔루션,조선,9,5,0.556,2026-06-10,조선:5; 전력 / 에너지:3; 개별주:1
JW신약,BIO / 의료AI,5,5,1.000,2026-06-15,BIO / 의료AI:5
LK삼양,개별주,12,5,0.417,2026-04-17,개별주:5; 우주 / 항공:5; 방산:1; 로봇:1
LS에코에너지,전력 / 에너지,8,5,0.625,2026-05-21,전력 / 에너지:5; 개별주:2; 로봇:1
NHN KCP,코인 / 가상자산,7,5,0.714,2026-04-14,코인 / 가상자산:5; 개별주:2
SJG세종,로봇,10,5,0.500,2026-01-21,로봇:5; 현대차:2; 자동차:1; 실적 / 공시:1; 이차전지:1
글로벌텍스프리,개별주,6,5,0.833,2025-11-20,개별주:5; 화장품 / 중국:1
나무기술,로봇,10,5,0.500,2026-06-05,로봇:5; 개별주:2; IT / 통신:1; AI:1; 실적 / 공시:1
넥스틸,개별주,11,5,0.455,2026-06-08,개별주:5; 전력 / 에너지:3; 중동전쟁:1; 중동전쟁 / 원자재:1; 美 - 관세:1
동운아나텍,BIO / 의료AI,7,5,0.714,2026-04-30,BIO / 의료AI:5; 개별주:1; 실적 / 공시:1
디케이티,로봇,7,5,0.714,2026-05-08,로봇:5; 이차전지:2
러셀,로봇,6,5,0.833,2026-01-20,로봇:5; 현대차:1
로보로보,로봇,6,5,0.833,2026-06-01,로봇:5; 정부 정책:1
롯데쇼핑,개별주,5,5,1.000,2026-06-10,개별주:5
롯데에너지머티리얼즈,개별주,16,5,0.312,2026-06-12,개별주:5; 삼성 / 반디플:4; 이차전지:4; 전력 / 에너지:2; 로봇:1
리센스메디컬,BIO / 의료AI,6,5,0.833,2026-05-07,BIO / 의료AI:5; 개별주:1
리튬포어스,이차전지,6,5,0.833,2026-04-28,이차전지:5; 중동전쟁:1
메가터치,이차전지,6,5,0.833,2026-05-18,이차전지:5; 개별주:1
메드팩토,BIO / 의료AI,5,5,1.000,2026-03-18,BIO / 의료AI:5
모베이스,로봇,5,5,1.000,2026-05-12,로봇:5
미래산업,삼성 / 반디플,5,5,1.000,2026-06-09,삼성 / 반디플:5
범한퓨얼셀,전력 / 에너지,11,5,0.455,2026-05-27,전력 / 에너지:5; 개별주:3; 조선:3
부광약품,BIO / 의료AI,5,5,1.000,2026-03-25,BIO / 의료AI:5
블루엠텍,BIO / 의료AI,5,5,1.000,2025-09-19,BIO / 의료AI:5
비츠로넥스텍,개별주,10,5,0.500,2026-05-18,개별주:5; 우주 / 항공:4; 전력 / 에너지:1
사피엔반도체,삼성 / 반디플,6,5,0.833,2026-04-23,삼성 / 반디플:5; 개별주:1
삼성물산,삼성 / 반디플,13,5,0.385,2026-06-15,삼성 / 반디플:5; 개별주:4; 전력 / 에너지:3; 정부 정책:1
삼성생명,삼성 / 반디플,7,5,0.714,2026-06-15,삼성 / 반디플:5; 개별주:2
삼아알미늄,개별주,18,5,0.278,2026-06-02,개별주:5; 방산:3; 이차전지:3; 전력 / 에너지:2; 중동전쟁 / 원자재:2; 중동전쟁:1; 원자재:1; 조선:1
삼양식품,개별주,6,5,0.833,2026-05-14,개별주:5; 실적 / 공시:1
서전기전,전력 / 에너지,5,5,1.000,2026-05-06,전력 / 에너지:5
서진시스템,전력 / 에너지,10,5,0.500,2026-05-18,전력 / 에너지:5; 개별주:2; 이차전지:2; 로봇:1
성도이엔지,삼성 / 반디플,5,5,1.000,2026-03-03,삼성 / 반디플:5
성문전자,로봇,6,5,0.833,2026-05-13,로봇:5; 개별주:1
성일하이텍,이차전지,6,5,0.833,2026-04-17,이차전지:5; 로봇:1
시지트로닉스,삼성 / 반디플,6,5,0.833,2026-05-22,삼성 / 반디플:5; IT / 통신:1
신영증권,개별주,7,5,0.714,2026-04-08,개별주:5; 정부 정책:2
신흥에스이씨,이차전지,7,5,0.714,2026-04-28,이차전지:5; 전력 / 에너지:2
쏘닉스,IT / 통신,7,5,0.714,2026-04-27,IT / 통신:5; 삼성 / 반디플:2
씨에스윈드,전력 / 에너지,5,5,1.000,2026-04-22,전력 / 에너지:5
아난티,개별주,6,5,0.833,2026-02-06,개별주:5; 대북:1
아스플로,삼성 / 반디플,5,5,1.000,2026-06-12,삼성 / 반디플:5
아이엠비디엑스,BIO / 의료AI,5,5,1.000,2025-12-04,BIO / 의료AI:5
아크릴,로봇,9,5,0.556,2026-04-14,로봇:5; 개별주:2; 삼성 / 반디플:2
에너토크,전력 / 에너지,5,5,1.000,2026-01-20,전력 / 에너지:5
에스바이오메딕스,BIO / 의료AI,5,5,1.000,2025-12-30,BIO / 의료AI:5
에스엔시스,개별주,11,5,0.455,2026-05-13,개별주:5; 조선:5; 전력 / 에너지:1
에스엘,로봇,7,5,0.714,2026-06-15,로봇:5; 현대차:1; 美 - 관세:1
에스엠,개별주,7,5,0.714,2026-06-11,개별주:5; 코인 / 가상자산:1; IP / 엔터:1
에스티아이,삼성 / 반디플,5,5,1.000,2026-02-26,삼성 / 반디플:5
엘케이켐,전력 / 에너지,10,5,0.500,2026-05-22,전력 / 에너지:5; 삼성 / 반디플:3; 개별주:2
옵티코어,개별주,7,5,0.714,2026-03-12,개별주:5; IT / 통신:1; 로봇:1
와이제이링크,우주 / 항공,13,5,0.385,2026-04-27,우주 / 항공:5; 로봇:4; 개별주:3; 이차전지:1
와이지-원,개별주,5,5,1.000,2026-05-18,개별주:5
원익,로봇,8,5,0.625,2026-01-05,로봇:5; 개별주:3
유니슨,전력 / 에너지,7,5,0.714,2026-05-27,전력 / 에너지:5; 개별주:2
유바이오로직스,BIO / 의료AI,5,5,1.000,2026-02-24,BIO / 의료AI:5
육일씨엔에쓰,개별주,6,5,0.833,2026-02-02,개별주:5; 정치:1
이루온,IT / 통신,6,5,0.833,2026-04-09,IT / 통신:5; 5G / 6G:1
이수화학,개별주,11,5,0.455,2026-06-11,개별주:5; 이차전지:4; 전력 / 에너지:1; 실적 / 공시:1
이엔셀,BIO / 의료AI,5,5,1.000,2026-01-27,BIO / 의료AI:5
인텔리안테크,우주 / 항공,8,5,0.625,2026-03-10,우주 / 항공:5; 개별주:2; 방산:1
일진파워,전력 / 에너지,6,5,0.833,2026-03-20,전력 / 에너지:5; 개별주:1
자람테크놀로지,IT / 통신,8,5,0.625,2026-05-04,IT / 통신:5; 삼성 / 반디플:2; 5G / 6G:1
제이앤티씨,삼성 / 반디플,5,5,1.000,2026-05-18,삼성 / 반디플:5
제이에스티나,개별주,7,5,0.714,2026-02-06,개별주:5; 대북:1; 정부 정책:1
제이엘케이,BIO / 의료AI,5,5,1.000,2026-03-13,BIO / 의료AI:5
지앤비에스 에코,전력 / 에너지,6,5,0.833,2026-05-22,전력 / 에너지:5; 삼성 / 반디플:1
진원생명과학,BIO / 의료AI,5,5,1.000,2026-05-20,BIO / 의료AI:5
차백신연구소,BIO / 의료AI,6,5,0.833,2026-05-27,BIO / 의료AI:5; 개별주:1
카티스,개별주,7,5,0.714,2026-04-15,개별주:5; 전력 / 에너지:1; 로봇:1
컴퍼니케이,개별주,7,5,0.714,2026-06-02,개별주:5; 로봇:1; 정부 정책:1
케이씨에스,IT / 통신,8,5,0.625,2026-05-26,IT / 통신:5; 개별주:2; 로봇:1
케이씨티,개별주,5,5,1.000,2026-03-23,개별주:5
켄코아에어로스페이스,우주 / 항공,10,5,0.500,2026-05-26,우주 / 항공:5; 방산:3; 개별주:2
코위버,IT / 통신,6,5,0.833,2026-05-26,IT / 통신:5; 로봇:1
코칩,삼성 / 반디플,7,5,0.714,2026-05-28,삼성 / 반디플:5; MLCC:1; 로봇:1
큐리언트,BIO / 의료AI,6,5,0.833,2026-03-10,BIO / 의료AI:5; 개별주:1
티에이치엔,개별주,7,5,0.714,2026-05-26,개별주:5; 로봇:2
티엠씨,전력 / 에너지,12,5,0.417,2026-06-10,전력 / 에너지:5; IT / 통신:3; 개별주:2; 삼성 / 반디플:1; 조선:1
티이엠씨,삼성 / 반디플,8,5,0.625,2026-06-12,삼성 / 반디플:5; IT / 통신:1; 전력 / 에너지:1; 방산:1
파워넷,전력 / 에너지,11,5,0.455,2026-06-15,전력 / 에너지:5; 삼성 / 반디플:4; 개별주:2
파인엠텍,삼성 / 반디플,11,5,0.455,2026-04-16,삼성 / 반디플:5; IT / 통신:3; 개별주:2; 로봇:1
파인텍,IT / 통신,6,5,0.833,2026-05-26,IT / 통신:5; 개별주:1
퍼스텍,방산,13,5,0.385,2026-04-22,방산:5; 조선:2; 전력 / 에너지:2; 중동전쟁:1; 중동전쟁 / 원자재:1; 개별주:1; 우주 / 항공:1
페스카로,로봇,8,5,0.625,2026-02-10,로봇:5; 개별주:1; 우주 / 항공:1; 이차전지:1
퓨쳐켐,BIO / 의료AI,6,5,0.833,2026-05-04,BIO / 의료AI:5; 개별주:1
피에스텍,개별주,6,5,0.833,2026-02-13,개별주:5; 정부 정책:1
하림지주,개별주,5,5,1.000,2026-03-20,개별주:5
한국금융지주,개별주,7,5,0.714,2026-05-06,개별주:5; 실적 / 공시:1; 정부 정책:1
한국카본,조선,7,5,0.714,2026-04-03,조선:5; 개별주:1; 전력 / 에너지:1
한미글로벌,전력 / 에너지,5,5,1.000,2026-04-08,전력 / 에너지:5
한일단조,방산,9,5,0.556,2026-04-20,방산:5; 중동전쟁:1; 중동전쟁 / 원자재:1; 전력 / 에너지:1; 조선:1
한화,개별주,6,5,0.833,2026-01-15,개별주:5; 정부 정책:1
해성옵틱스,로봇,12,5,0.417,2026-05-08,로봇:5; 개별주:3; IT / 통신:2; 현대차:2
형지I&C,개별주,5,5,1.000,2026-01-02,개별주:5
호텔신라,개별주,6,5,0.833,2026-04-27,개별주:5; 화장품 / 중국:1
AP위성,우주 / 항공,7,4,0.571,2026-05-26,우주 / 항공:4; 방산:2; 개별주:1
HB테크놀러지,삼성 / 반디플,4,4,1.000,2026-05-07,삼성 / 반디플:4
KH바텍,로봇,6,4,0.667,2026-02-25,로봇:4; 삼성 / 반디플:2
LG,로봇,7,4,0.571,2026-06-01,로봇:4; 전력 / 에너지:1; 삼성 / 반디플:1; 개별주:1
LG화학,이차전지,7,4,0.571,2026-02-25,이차전지:4; 개별주:3
LS티라유텍,로봇,4,4,1.000,2026-01-02,로봇:4
PS일렉트로닉스,개별주,15,4,0.267,2026-05-13,개별주:4; 로봇:4; 이차전지:2; 삼성 / 반디플:2; 전력 / 에너지:1; 현대차:1; 자율주행:1
RFHIC,IT / 통신,17,4,0.235,2026-06-04,IT / 통신:4; 개별주:3; 방산:2; 전력 / 에너지:2; 로봇:1; 중동전쟁 / 원자재:1; 실적 / 공시:1; 우주 / 항공:1; 5G / 6G:1; 삼성 / 반디플:1
SAMG엔터,개별주,5,4,0.800,2026-04-29,개별주:4; 실적 / 공시:1
SGA솔루션즈,IT / 통신,6,4,0.667,2026-05-22,IT / 통신:4; 개별주:2
SK,개별주,6,4,0.667,2026-05-04,개별주:4; 삼성 / 반디플:1; 정부 정책:1
SK가스,전력 / 에너지,5,4,0.800,2026-03-31,전력 / 에너지:4; 방산:1
TPC로보틱스,로봇,4,4,1.000,2026-05-14,로봇:4
TS인베스트먼트,삼성 / 반디플,6,4,0.667,2026-05-29,삼성 / 반디플:4; 개별주:2
TS트릴리온,BIO / 의료AI,5,4,0.800,2026-06-15,BIO / 의료AI:4; 전력 / 에너지:1
경보제약,BIO / 의료AI,4,4,1.000,2026-03-25,BIO / 의료AI:4
국전약품,삼성 / 반디플,4,4,1.000,2026-03-17,삼성 / 반디플:4
그린광학,방산,13,4,0.308,2026-05-22,방산:4; 개별주:4; 우주 / 항공:3; 삼성 / 반디플:2
기산텔레콤,IT / 통신,4,4,1.000,2026-04-13,IT / 통신:4
나노엔텍,BIO / 의료AI,7,4,0.571,2026-04-29,BIO / 의료AI:4; 개별주:2; 로봇:1
넥스트칩,삼성 / 반디플,7,4,0.571,2026-05-11,삼성 / 반디플:4; 로봇:2; 개별주:1
노머스,개별주,6,4,0.667,2026-01-15,개별주:4; 코인 / 가상자산:1; IP / 엔터:1
다원넥스뷰,삼성 / 반디플,7,4,0.571,2026-05-15,삼성 / 반디플:4; 전력 / 에너지:2; 실적 / 공시:1
대동기어,개별주,6,4,0.667,2026-02-10,개별주:4; 로봇:2
대성하이텍,방산,9,4,0.444,2026-03-31,방산:4; 개별주:3; 로봇:2
더핑크퐁컴퍼니,개별주,4,4,1.000,2026-01-08,개별주:4
라메디텍,BIO / 의료AI,5,4,0.800,2026-05-14,BIO / 의료AI:4; 개별주:1
라온로보틱스,로봇,5,4,0.800,2026-05-27,로봇:4; 실적 / 공시:1
라온시큐어,IT / 통신,4,4,1.000,2026-05-26,IT / 통신:4
레이,BIO / 의료AI,6,4,0.667,2026-04-13,BIO / 의료AI:4; 개별주:2
롯데지주,개별주,6,4,0.667,2026-02-13,개별주:4; 정부 정책:2
매커스,개별주,4,4,1.000,2025-11-06,개별주:4
메쥬,BIO / 의료AI,4,4,1.000,2026-05-28,BIO / 의료AI:4
미코,삼성 / 반디플,6,4,0.667,2026-06-02,삼성 / 반디플:4; 개별주:1; 조선:1
바이오다인,BIO / 의료AI,4,4,1.000,2026-02-04,BIO / 의료AI:4
뱅크웨어글로벌,코인 / 가상자산,5,4,0.800,2026-01-23,코인 / 가상자산:4; 개별주:1
삼성E&A,개별주,8,4,0.500,2026-06-15,개별주:4; 전력 / 에너지:4
삼양컴텍,방산,11,4,0.364,2026-04-22,방산:4; 개별주:4; 조선:3
삼화페인트,개별주,7,4,0.571,2026-03-26,개별주:4; 삼성 / 반디플:2; 전력 / 에너지:1
상지건설,개별주,6,4,0.667,2025-12-30,개별주:4; 정부 정책:1; 건설 / 인프라:1
샤페론,BIO / 의료AI,4,4,1.000,2026-06-15,BIO / 의료AI:4
서울바이오시스,개별주,9,4,0.444,2026-05-18,개별주:4; IT / 통신:3; 삼성 / 반디플:2
서진오토모티브,로봇,5,4,0.800,2026-01-19,로봇:4; 현대차:1
성광벤드,전력 / 에너지,7,4,0.571,2026-04-03,전력 / 에너지:4; 조선:3
세림B&G,개별주,10,4,0.400,2026-04-13,개별주:4; 전력 / 에너지:3; 중동전쟁 / 원자재:1; 방산:1; 로봇:1
셀리드,BIO / 의료AI,5,4,0.800,2026-05-08,BIO / 의료AI:4; 개별주:1
소프트캠프,개별주,7,4,0.571,2026-04-20,개별주:4; IT / 통신:3
시그네틱스,삼성 / 반디플,4,4,1.000,2025-11-25,삼성 / 반디플:4
신라젠,BIO / 의료AI,4,4,1.000,2026-03-25,BIO / 의료AI:4
신원,개별주,4,4,1.000,2025-08-22,개별주:4
신테카바이오,BIO / 의료AI,4,4,1.000,2025-12-19,BIO / 의료AI:4
실리콘투,개별주,7,4,0.571,2026-04-13,개별주:4; 실적 / 공시:2; 화장품:1
쎄노텍,개별주,4,4,1.000,2026-02-02,개별주:4
쓰리에이로직스,삼성 / 반디플,5,4,0.800,2026-04-27,삼성 / 반디플:4; 개별주:1
씨아이에스,이차전지,6,4,0.667,2026-04-21,이차전지:4; 개별주:1; 로봇:1
아로마티카,개별주,4,4,1.000,2026-02-12,개별주:4
아이비젼웍스,삼성 / 반디플,8,4,0.500,2025-12-03,삼성 / 반디플:4; 로봇:2; 개별주:2
아이쓰리시스템,방산,5,4,0.800,2026-04-22,방산:4; 개별주:1
알멕,개별주,9,4,0.444,2026-05-22,개별주:4; 우주 / 항공:2; 방산:2; 중동전쟁 / 원자재:1
애드포러스,개별주,4,4,1.000,2026-01-09,개별주:4
에르코스,개별주,4,4,1.000,2025-12-30,개별주:4
에브리봇,로봇,5,4,0.800,2026-01-21,로봇:4; 개별주:1
에스앤디,개별주,4,4,1.000,2025-12-18,개별주:4
에스티팜,BIO / 의료AI,4,4,1.000,2026-04-27,BIO / 의료AI:4
에이럭스,개별주,5,4,0.800,2026-04-20,개별주:4; 중동전쟁:1
에이프로젠,BIO / 의료AI,4,4,1.000,2026-05-13,BIO / 의료AI:4
에코프로머티,이차전지,5,4,0.800,2026-02-12,이차전지:4; 개별주:1
엑셀세라퓨틱스,BIO / 의료AI,4,4,1.000,2026-05-21,BIO / 의료AI:4
엔씨소프트,개별주,5,4,0.800,2026-01-13,개별주:4; 실적 / 공시:1
엔젤로보틱스,로봇,4,4,1.000,2026-06-01,로봇:4
엘앤케이바이오,BIO / 의료AI,4,4,1.000,2025-12-03,BIO / 의료AI:4
엠오티,이차전지,6,4,0.667,2026-01-22,이차전지:4; 개별주:1; 전력 / 에너지:1
예스티,삼성 / 반디플,4,4,1.000,2026-06-11,삼성 / 반디플:4
오브젠,로봇,4,4,1.000,2026-06-10,로봇:4
오픈엣지테크놀로지,삼성 / 반디플,4,4,1.000,2026-04-22,삼성 / 반디플:4
옵티시스,IT / 통신,4,4,1.000,2026-05-22,IT / 통신:4
와이씨켐,삼성 / 반디플,4,4,1.000,2026-05-15,삼성 / 반디플:4
우양,개별주,5,4,0.800,2025-08-22,개별주:4; IP / 엔터:1
원익QnC,삼성 / 반디플,4,4,1.000,2026-06-12,삼성 / 반디플:4
위더스제약,BIO / 의료AI,4,4,1.000,2026-06-15,BIO / 의료AI:4
유디엠텍,개별주,6,4,0.667,2026-05-12,개별주:4; 로봇:2
유일에너테크,이차전지,6,4,0.667,2026-01-23,이차전지:4; 개별주:2
유진투자증권,개별주,4,4,1.000,2026-02-19,개별주:4
이랜텍,이차전지,4,4,1.000,2026-04-21,이차전지:4
이미지스,로봇,4,4,1.000,2026-02-03,로봇:4
인탑스,로봇,4,4,1.000,2026-05-12,로봇:4
일성건설,개별주,6,4,0.667,2025-12-30,개별주:4; 정부 정책:1; 건설 / 인프라:1
자화전자,로봇,6,4,0.667,2026-05-15,로봇:4; 개별주:2
제룡전기,전력 / 에너지,4,4,1.000,2026-05-04,전력 / 에너지:4
제이에스링크,개별주,6,4,0.667,2026-02-20,개별주:4; 방산:1; 실적 / 공시:1
제일일렉트릭,전력 / 에너지,4,4,1.000,2026-05-04,전력 / 에너지:4
지투파워,전력 / 에너지,4,4,1.000,2026-04-03,전력 / 에너지:4
케이사인,개별주,7,4,0.571,2026-04-16,개별주:4; IT / 통신:1; 삼성 / 반디플:1; 코인 / 가상자산:1
케이쓰리아이,로봇,5,4,0.800,2025-12-03,로봇:4; 개별주:1
케이엔제이,삼성 / 반디플,5,4,0.800,2026-02-09,삼성 / 반디플:4; 개별주:1
코나아이,개별주,5,4,0.800,2026-05-15,개별주:4; 코인 / 가상자산:1
코아스템켐온,BIO / 의료AI,4,4,1.000,2026-05-27,BIO / 의료AI:4
코오롱생명과학,BIO / 의료AI,4,4,1.000,2025-11-28,BIO / 의료AI:4
쿠콘,코인 / 가상자산,7,4,0.571,2026-02-26,코인 / 가상자산:4; 개별주:3
큐알티,삼성 / 반디플,4,4,1.000,2026-04-08,삼성 / 반디플:4
큐에스아이,IT / 통신,6,4,0.667,2026-04-15,IT / 통신:4; 로봇:1; 개별주:1
클래시스,개별주,4,4,1.000,2026-02-25,개별주:4
타이거일렉,삼성 / 반디플,4,4,1.000,2026-06-11,삼성 / 반디플:4
탑코미디어,개별주,5,4,0.800,2025-09-18,개별주:4; IP / 엔터:1
티앤알바이오팹,BIO / 의료AI,6,4,0.667,2026-01-05,BIO / 의료AI:4; 개별주:2
파라다이스,개별주,4,4,1.000,2025-11-20,개별주:4
파마리서치,개별주,8,4,0.500,2026-05-14,개별주:4; BIO / 의료AI:2; 화장품:1; 화장품 / 중국:1
포바이포,삼성 / 반디플,6,4,0.667,2026-05-29,삼성 / 반디플:4; 개별주:2
포스코DX,로봇,5,4,0.800,2026-06-01,로봇:4; 이차전지:1
풍산,개별주,7,4,0.571,2026-04-06,개별주:4; 방산:2; 조선:1
피엔티,이차전지,5,4,0.800,2026-04-21,이차전지:4; 개별주:1
피엠티,삼성 / 반디플,4,4,1.000,2026-05-22,삼성 / 반디플:4
하이브,개별주,6,4,0.667,2026-03-23,개별주:4; 코인 / 가상자산:1; 실적 / 공시:1
한국항공우주,개별주,11,4,0.364,2026-06-10,개별주:4; 방산:4; 중동전쟁 / 원자재:1; 우주 / 항공:1; 조선:1
한농화성,이차전지,4,4,1.000,2026-04-21,이차전지:4
한라IMS,조선,5,4,0.800,2025-11-14,조선:4; 개별주:1
한빛레이저,삼성 / 반디플,4,4,1.000,2026-05-06,삼성 / 반디플:4
한솔케미칼,삼성 / 반디플,4,4,1.000,2026-06-11,삼성 / 반디플:4
한신기계,전력 / 에너지,4,4,1.000,2026-02-20,전력 / 에너지:4
한싹,개별주,7,4,0.571,2026-04-20,개별주:4; IT / 통신:3
한주라이트메탈,로봇,4,4,1.000,2026-05-27,로봇:4
한컴위드,개별주,9,4,0.444,2026-05-06,개별주:4; IT / 통신:3; 우주 / 항공:1; 코인 / 가상자산:1
한화투자증권,개별주,7,4,0.571,2026-05-06,개별주:4; 코인 / 가상자산:2; 실적 / 공시:1
효성,전력 / 에너지,7,4,0.571,2026-05-06,전력 / 에너지:4; 개별주:3
효성티앤씨,개별주,5,4,0.800,2026-04-09,개별주:4; 전력 / 에너지:1
휴젤,BIO / 의료AI,7,4,0.571,2026-05-08,BIO / 의료AI:4; 실적 / 공시:1; 개별주:1; 화장품 / 중국:1
CS,IT / 통신,3,3,1.000,2026-04-07,IT / 통신:3
DXVX,BIO / 의료AI,4,3,0.750,2026-01-29,BIO / 의료AI:3; 개별주:1
DYP,로봇,3,3,1.000,2026-01-16,로봇:3
GS글로벌,전력 / 에너지,3,3,1.000,2026-04-22,전력 / 에너지:3
HD현대인프라코어,개별주,6,3,0.500,2025-10-23,개별주:3; 전력 / 에너지:2; 실적 / 공시:1
HLB제약,BIO / 의료AI,3,3,1.000,2025-11-04,BIO / 의료AI:3
KD,개별주,4,3,0.750,2025-12-03,개별주:3; 건설 / 인프라:1
KS인더스트리,조선,4,3,0.750,2025-10-21,조선:3; 실적 / 공시:1
NHN,개별주,7,3,0.429,2026-06-01,개별주:3; 로봇:2; IT / 통신:1; 정부 정책:1
OCI,전력 / 에너지,6,3,0.500,2026-04-23,전력 / 에너지:3; 개별주:2; 삼성 / 반디플:1
POSCO홀딩스,이차전지,5,3,0.600,2026-05-07,이차전지:3; 개별주:1; 로봇:1
SG세계물산,개별주,4,3,0.750,2026-02-20,개별주:3; 정부 정책:1
SV인베스트먼트,삼성 / 반디플,4,3,0.750,2026-03-27,삼성 / 반디플:3; 개별주:1
YG PLUS,개별주,3,3,1.000,2025-08-08,개별주:3
가온그룹,IT / 통신,4,3,0.750,2026-05-19,IT / 통신:3; 로봇:1
경인양행,삼성 / 반디플,4,3,0.750,2026-01-07,삼성 / 반디플:3; 개별주:1
고바이오랩,BIO / 의료AI,3,3,1.000,2025-09-04,BIO / 의료AI:3
금강공업,개별주,5,3,0.600,2025-11-24,개별주:3; 조선:1; 건설 / 인프라:1
나무가,로봇,3,3,1.000,2026-05-14,로봇:3
나우IB,삼성 / 반디플,5,3,0.600,2026-04-28,삼성 / 반디플:3; IT / 통신:1; 정치:1
나인테크,개별주,6,3,0.500,2026-05-06,개별주:3; 삼성 / 반디플:1; 로봇:1; 이차전지:1
남선알미늄,개별주,9,3,0.333,2026-04-13,개별주:3; 전력 / 에너지:2; 중동전쟁:2; 중동전쟁 / 원자재:1; 방산:1
네오이뮨텍,BIO / 의료AI,3,3,1.000,2026-05-13,BIO / 의료AI:3
네오크레마,BIO / 의료AI,3,3,1.000,2025-08-29,BIO / 의료AI:3
넥스틴,삼성 / 반디플,3,3,1.000,2026-02-26,삼성 / 반디플:3
넷마블,개별주,3,3,1.000,2026-03-06,개별주:3
노랑풍선,개별주,5,3,0.600,2026-02-05,개별주:3; 화장품:1; 화장품 / 중국:1
녹십자,BIO / 의료AI,3,3,1.000,2026-05-27,BIO / 의료AI:3
녹십자엠에스,BIO / 의료AI,3,3,1.000,2026-05-20,BIO / 의료AI:3
뉴파워프라즈마,삼성 / 반디플,3,3,1.000,2026-06-12,삼성 / 반디플:3
대아티아이,개별주,4,3,0.750,2026-02-06,개별주:3; 대북:1
대양전기공업,조선,3,3,1.000,2026-01-09,조선:3
대웅제약,BIO / 의료AI,3,3,1.000,2026-02-23,BIO / 의료AI:3
대창솔루션,전력 / 에너지,4,3,0.750,2026-03-23,전력 / 에너지:3; 조선:1
대한항공,개별주,4,3,0.750,2026-06-15,개별주:3; 우주 / 항공:1
대화제약,BIO / 의료AI,3,3,1.000,2026-02-27,BIO / 의료AI:3
더즌,코인 / 가상자산,4,3,0.750,2026-01-23,코인 / 가상자산:3; 개별주:1
데브시스터즈,개별주,4,3,0.750,2026-02-23,개별주:3; 실적 / 공시:1
동신건설,개별주,5,3,0.600,2026-04-08,개별주:3; 전력 / 에너지:1; 건설 / 인프라:1
동아엘텍,전력 / 에너지,8,3,0.375,2026-04-27,전력 / 에너지:3; 삼성 / 반디플:2; 실적 / 공시:2; 개별주:1
라닉스,IT / 통신,9,3,0.333,2026-04-20,IT / 통신:3; 개별주:3; 로봇:2; 자율주행:1
라온텍,삼성 / 반디플,5,3,0.600,2026-05-14,삼성 / 반디플:3; 개별주:2
랩지노믹스,BIO / 의료AI,4,3,0.750,2026-06-09,BIO / 의료AI:3; 개별주:1
마녀공장,개별주,3,3,1.000,2026-05-19,개별주:3
마키나락스,로봇,3,3,1.000,2026-06-15,로봇:3
명신산업,로봇,4,3,0.750,2026-04-27,로봇:3; 이차전지:1
모니터랩,IT / 통신,5,3,0.600,2026-04-15,IT / 통신:3; 개별주:2
바이오솔루션,BIO / 의료AI,3,3,1.000,2026-04-30,BIO / 의료AI:3
뷰노,BIO / 의료AI,4,3,0.750,2025-11-28,BIO / 의료AI:3; 정부 정책:1
뷰티스킨,개별주,4,3,0.750,2026-05-19,개별주:3; 화장품 / 중국:1
브이원텍,삼성 / 반디플,5,3,0.600,2026-05-13,삼성 / 반디플:3; 로봇:2
브이티,개별주,3,3,1.000,2026-04-24,개별주:3
삼륭물산,개별주,5,3,0.600,2026-03-26,개별주:3; 전력 / 에너지:2
삼성바이오로직스,BIO / 의료AI,3,3,1.000,2026-01-08,BIO / 의료AI:3
삼성증권,개별주,4,3,0.750,2026-05-06,개별주:3; 정부 정책:1
삼영,개별주,9,3,0.333,2026-05-26,개별주:3; 로봇:2; 이차전지:1; 전력 / 에너지:1; 실적 / 공시:1; 조선:1
삼일씨엔에스,개별주,3,3,1.000,2026-03-25,개별주:3
삼화전자,삼성 / 반디플,5,3,0.600,2026-05-28,삼성 / 반디플:3; 개별주:1; 미-중 갈등 / 원자재:1
새로닉스,이차전지,3,3,1.000,2026-04-02,이차전지:3
샌즈랩,개별주,4,3,0.750,2026-04-15,개별주:3; IT / 통신:1
서남,전력 / 에너지,6,3,0.500,2026-04-15,전력 / 에너지:3; 개별주:3
세아제강지주,전력 / 에너지,3,3,1.000,2026-04-28,전력 / 에너지:3
셀바스헬스케어,BIO / 의료AI,3,3,1.000,2026-01-09,BIO / 의료AI:3
솔루스첨단소재,이차전지,6,3,0.500,2026-06-10,이차전지:3; 개별주:2; 삼성 / 반디플:1
스튜디오미르,개별주,5,3,0.600,2025-08-29,개별주:3; IP / 엔터:2
시선AI,로봇,3,3,1.000,2026-04-30,로봇:3
신풍제약,BIO / 의료AI,3,3,1.000,2026-04-17,BIO / 의료AI:3
싸이닉솔루션,삼성 / 반디플,4,3,0.750,2026-01-09,삼성 / 반디플:3; 개별주:1
씨메스로보틱스,로봇,3,3,1.000,2026-06-02,로봇:3
씨에스베어링,전력 / 에너지,3,3,1.000,2026-04-03,전력 / 에너지:3
씨젠,BIO / 의료AI,3,3,1.000,2026-05-14,BIO / 의료AI:3
아미노로직스,BIO / 의료AI,3,3,1.000,2026-01-05,BIO / 의료AI:3
아바텍,삼성 / 반디플,4,3,0.750,2026-06-05,삼성 / 반디플:3; 개별주:1
아이언디바이스,로봇,5,3,0.600,2026-01-29,로봇:3; 개별주:2
아이진,BIO / 의료AI,3,3,1.000,2026-05-20,BIO / 의료AI:3
아톤,IT / 통신,4,3,0.750,2026-05-06,IT / 통신:3; 코인 / 가상자산:1
애머릿지,BIO / 의료AI,3,3,1.000,2025-12-18,BIO / 의료AI:3
앱코,개별주,3,3,1.000,2025-12-01,개별주:3
에스에이엠티,삼성 / 반디플,4,3,0.750,2026-05-26,삼성 / 반디플:3; 실적 / 공시:1
에스엠벡셀,개별주,6,3,0.500,2025-12-24,개별주:3; 이차전지:3
에스티큐브,BIO / 의료AI,3,3,1.000,2026-03-13,BIO / 의료AI:3
에이블씨엔씨,개별주,5,3,0.600,2025-12-16,개별주:3; 실적 / 공시:1; 화장품 / 중국:1
에이엘티,삼성 / 반디플,3,3,1.000,2026-04-27,삼성 / 반디플:3
에코프로에이치엔,이차전지,3,3,1.000,2026-01-29,이차전지:3
엑스큐어,IT / 통신,3,3,1.000,2026-06-11,IT / 통신:3
엔알비,개별주,4,3,0.750,2026-02-03,개별주:3; 건설 / 인프라:1
엔에프씨,개별주,5,3,0.600,2026-02-09,개별주:3; 실적 / 공시:1; BIO / 의료AI:1
엔젯,삼성 / 반디플,4,3,0.750,2026-01-07,삼성 / 반디플:3; 개별주:1
엔투텍,개별주,3,3,1.000,2026-02-12,개별주:3
오로스테크놀로지,삼성 / 반디플,3,3,1.000,2026-05-04,삼성 / 반디플:3
와이엠티,삼성 / 반디플,3,3,1.000,2026-05-06,삼성 / 반디플:3
와이투솔루션,개별주,7,3,0.429,2026-04-20,개별주:3; BIO / 의료AI:3; 로봇:1
우리바이오,BIO / 의료AI,3,3,1.000,2025-12-17,BIO / 의료AI:3
우양에이치씨,전력 / 에너지,3,3,1.000,2026-03-23,전력 / 에너지:3
우진엔텍,전력 / 에너지,3,3,1.000,2026-01-20,전력 / 에너지:3
원일티엔아이,조선,5,3,0.600,2025-11-14,조선:3; 개별주:2
원텍,BIO / 의료AI,3,3,1.000,2026-05-21,BIO / 의료AI:3
윈팩,삼성 / 반디플,3,3,1.000,2026-06-15,삼성 / 반디플:3
유니트론텍,로봇,3,3,1.000,2026-05-21,로봇:3
유안타증권,개별주,3,3,1.000,2026-05-06,개별주:3
율촌화학,이차전지,3,3,1.000,2025-10-17,이차전지:3
이노와이어리스,방산,5,3,0.600,2026-04-13,방산:3; IT / 통신:1; 로봇:1
이녹스첨단소재,삼성 / 반디플,8,3,0.375,2026-05-07,삼성 / 반디플:3; 우주 / 항공:3; 방산:2
이마트,개별주,5,3,0.600,2026-05-14,개별주:3; 실적 / 공시:2
이엔에프테크놀로지,삼성 / 반디플,3,3,1.000,2025-09-10,삼성 / 반디플:3
이지스,로봇,3,3,1.000,2026-02-12,로봇:3
인디에프,개별주,4,3,0.750,2026-02-06,개별주:3; 대북:1
인성정보,BIO / 의료AI,3,3,1.000,2025-11-11,BIO / 의료AI:3
인트론바이오,BIO / 의료AI,4,3,0.750,2026-03-04,BIO / 의료AI:3; 개별주:1
일신석재,개별주,4,3,0.750,2026-02-06,개별주:3; 대북:1
제닉,개별주,3,3,1.000,2026-04-09,개별주:3
제룡산업,전력 / 에너지,3,3,1.000,2026-04-29,전력 / 에너지:3
제이씨케미칼,전력 / 에너지,5,3,0.600,2026-04-22,전력 / 에너지:3; 방산:1; 개별주:1
제이피아이헬스케어,BIO / 의료AI,3,3,1.000,2025-12-16,BIO / 의료AI:3
제일약품,BIO / 의료AI,3,3,1.000,2026-02-24,BIO / 의료AI:3
제주은행,개별주,5,3,0.600,2026-06-10,개별주:3; 코인 / 가상자산:2
조이시티,개별주,3,3,1.000,2026-01-30,개별주:3
지니언스,개별주,5,3,0.600,2026-04-15,개별주:3; IT / 통신:2
지아이에스,삼성 / 반디플,5,3,0.600,2026-05-26,삼성 / 반디플:3; 로봇:1; MLCC:1
진성티이씨,개별주,4,3,0.750,2026-05-07,개별주:3; 전력 / 에너지:1
천보,이차전지,5,3,0.600,2026-04-13,이차전지:3; 개별주:1; 로봇:1
카나프테라퓨틱스,BIO / 의료AI,3,3,1.000,2026-04-13,BIO / 의료AI:3
카카오페이,개별주,7,3,0.429,2026-05-06,개별주:3; 코인 / 가상자산:3; 실적 / 공시:1
캡스톤파트너스,개별주,5,3,0.600,2026-04-10,개별주:3; 삼성 / 반디플:2
켐트로스,삼성 / 반디플,4,3,0.750,2026-05-14,삼성 / 반디플:3; 실적 / 공시:1
코세스,전력 / 에너지,7,3,0.429,2026-04-24,전력 / 에너지:3; 개별주:2; 삼성 / 반디플:2
코오롱인더,삼성 / 반디플,5,3,0.600,2026-04-28,삼성 / 반디플:3; 로봇:1; 개별주:1
코츠테크놀로지,방산,3,3,1.000,2026-04-13,방산:3
퀀타매트릭스,BIO / 의료AI,3,3,1.000,2025-10-22,BIO / 의료AI:3
테라뷰,삼성 / 반디플,6,3,0.500,2026-03-12,삼성 / 반디플:3; IT / 통신:1; BIO / 의료AI:1; 개별주:1
파루,전력 / 에너지,3,3,1.000,2026-03-06,전력 / 에너지:3
파크시스템스,삼성 / 반디플,3,3,1.000,2026-01-28,삼성 / 반디플:3
팸텍,삼성 / 반디플,4,3,0.750,2026-06-08,삼성 / 반디플:3; 로봇:1
포스코인터내셔널,개별주,8,3,0.375,2026-04-02,개별주:3; 전력 / 에너지:2; 방산:1; 로봇:1; 美 - 관세:1
포톤,개별주,8,3,0.375,2026-05-27,개별주:3; IT / 통신:3; 로봇:2
폴라리스AI,로봇,5,3,0.600,2026-05-14,로봇:3; 개별주:1; BIO / 의료AI:1
프로이천,삼성 / 반디플,6,3,0.500,2026-05-13,삼성 / 반디플:3; IT / 통신:2; 개별주:1
프롬바이오,BIO / 의료AI,3,3,1.000,2026-03-13,BIO / 의료AI:3
피아이이,삼성 / 반디플,4,3,0.750,2026-04-16,삼성 / 반디플:3; 이차전지:1
필에너지,이차전지,3,3,1.000,2026-04-21,이차전지:3
하이스틸,전력 / 에너지,6,3,0.500,2026-04-28,전력 / 에너지:3; 중동전쟁 / 원자재:1; 개별주:1; 美 - 관세:1
한국비엔씨,BIO / 의료AI,3,3,1.000,2026-01-05,BIO / 의료AI:3
한국선재,조선,3,3,1.000,2025-09-09,조선:3
한국화장품,개별주,5,3,0.600,2025-11-21,개별주:3; 화장품:1; 화장품 / 중국:1
한성기업,개별주,4,3,0.750,2025-11-20,개별주:3; IP / 엔터:1
한신공영,개별주,4,3,0.750,2026-03-20,개별주:3; 정부 정책:1
한울반도체,삼성 / 반디플,3,3,1.000,2026-05-26,삼성 / 반디플:3
한전KPS,전력 / 에너지,3,3,1.000,2026-03-20,전력 / 에너지:3
현대백화점,개별주,3,3,1.000,2026-06-09,개별주:3
현대비앤지스틸,로봇,6,3,0.500,2026-02-27,로봇:3; 개별주:1; 방산:1; 미-중 갈등 / 원자재:1
현대에버다임,개별주,3,3,1.000,2026-05-07,개별주:3
화인베스틸,조선,4,3,0.750,2025-09-09,조선:3; 개별주:1
휴림에이텍,로봇,4,3,0.750,2026-03-17,로봇:3; 이차전지:1
흥아해운,중동전쟁,12,3,0.250,2026-04-20,중동전쟁:3; 전력 / 에너지:3; 개별주:2; 방산:2; 조선:1; 미중갈등 / 원자재:1
AP시스템,삼성 / 반디플,2,2,1.000,2026-05-08,삼성 / 반디플:2
CJ ENM,IP / 엔터,3,2,0.667,2025-08-20,IP / 엔터:2; 실적 / 공시:1
CJ대한통운,개별주,4,2,0.500,2026-02-11,개별주:2; 실적 / 공시:2
DB손해보험,개별주,2,2,1.000,2025-11-06,개별주:2
DH오토웨어,로봇,2,2,1.000,2026-01-13,로봇:2
DS단석,전력 / 에너지,3,2,0.667,2026-04-22,전력 / 에너지:2; 방산:1
HEM파마,BIO / 의료AI,2,2,1.000,2026-01-27,BIO / 의료AI:2
HL홀딩스,로봇,2,2,1.000,2025-12-04,로봇:2
JYP Ent,개별주,2,2,1.000,2026-01-02,개별주:2
KB금융,개별주,2,2,1.000,2026-06-05,개별주:2
KCC,개별주,3,2,0.667,2026-02-11,개별주:2; 실적 / 공시:1
KCTC,개별주,2,2,1.000,2026-02-04,개별주:2
KEC,삼성 / 반디플,3,2,0.667,2026-04-24,삼성 / 반디플:2; 이차전지:1
KG케미칼,개별주,3,2,0.667,2026-04-30,개별주:2; 실적 / 공시:1
LB세미콘,삼성 / 반디플,3,2,0.667,2026-04-27,삼성 / 반디플:2; 개별주:1
LG헬로비전,로봇,2,2,1.000,2026-06-02,로봇:2
LIG디펜스앤에어로스페이스,개별주,4,2,0.500,2026-06-15,개별주:2; 로봇:1; 방산:1
LX세미콘,삼성 / 반디플,2,2,1.000,2026-04-24,삼성 / 반디플:2
LX인터내셔널,전력 / 에너지,2,2,1.000,2026-04-02,전력 / 에너지:2
M83,로봇,5,2,0.400,2026-06-04,로봇:2; 개별주:2; AI:1
MDS테크,삼성 / 반디플,3,2,0.667,2026-05-14,삼성 / 반디플:2; IT / 통신:1
NH투자증권,개별주,3,2,0.667,2026-02-19,개별주:2; 정부 정책:1
PKC,삼성 / 반디플,2,2,1.000,2026-05-28,삼성 / 반디플:2
S-Oil,중동전쟁 / 원자재,5,2,0.400,2026-04-29,중동전쟁 / 원자재:2; 방산:2; 전력 / 에너지:1
SGA,개별주,2,2,1.000,2025-09-10,개별주:2
SK네트웍스,개별주,4,2,0.500,2026-06-08,개별주:2; 로봇:1; 실적 / 공시:1
SK텔레콤,로봇,6,2,0.333,2026-06-02,로봇:2; IT / 통신:2; 개별주:2
STX그린로지스,중동전쟁,5,2,0.400,2026-03-31,중동전쟁:2; 방산:2; 미중갈등 / 원자재:1
TCC스틸,이차전지,3,2,0.667,2026-04-28,이차전지:2; 전력 / 에너지:1
TP,개별주,2,2,1.000,2025-10-01,개별주:2
TPC,로봇,3,2,0.667,2026-02-05,로봇:2; 정부 정책:1
YTN,개별주,2,2,1.000,2025-11-28,개별주:2
강스템바이오텍,BIO / 의료AI,2,2,1.000,2026-04-13,BIO / 의료AI:2
경방,개별주,2,2,1.000,2025-12-12,개별주:2
고스트스튜디오,개별주,3,2,0.667,2025-11-20,개별주:2; 코인 / 가상자산:1
국일제지,개별주,2,2,1.000,2026-04-21,개별주:2
그리드위즈,전력 / 에너지,2,2,1.000,2026-03-19,전력 / 에너지:2
금강철강,전력 / 에너지,5,2,0.400,2026-04-28,전력 / 에너지:2; 중동전쟁:1; 중동전쟁 / 원자재:1; 조선:1
나노,전력 / 에너지,3,2,0.667,2026-04-24,전력 / 에너지:2; 조선:1
나노신소재,이차전지,2,2,1.000,2026-01-26,이차전지:2
네오펙트,로봇,3,2,0.667,2026-03-24,로봇:2; BIO / 의료AI:1
노바텍,개별주,3,2,0.667,2026-01-19,개별주:2; 미-중 갈등 / 원자재:1
녹십자웰빙,BIO / 의료AI,2,2,1.000,2026-03-25,BIO / 의료AI:2
녹십자홀딩스,BIO / 의료AI,2,2,1.000,2026-05-13,BIO / 의료AI:2
농심,개별주,4,2,0.500,2025-11-17,개별주:2; 실적 / 공시:1; IP / 엔터:1
누보,개별주,3,2,0.667,2026-03-09,개별주:2; 전력 / 에너지:1
뉴엔AI,개별주,4,2,0.500,2026-04-10,개별주:2; 전력 / 에너지:1; 로봇:1
다스코,전력 / 에너지,3,2,0.667,2026-06-10,전력 / 에너지:2; 개별주:1
대동금속,개별주,4,2,0.500,2026-03-30,개별주:2; 로봇:2
대모,개별주,3,2,0.667,2026-04-08,개별주:2; 전력 / 에너지:1
대성에너지,전력 / 에너지,4,2,0.500,2026-03-19,전력 / 에너지:2; 중동전쟁:1; 방산:1
대신증권,개별주,4,2,0.500,2026-02-13,개별주:2; 실적 / 공시:1; 정부 정책:1
대원제약,BIO / 의료AI,2,2,1.000,2026-06-08,BIO / 의료AI:2
대호특수강,전력 / 에너지,2,2,1.000,2026-04-28,전력 / 에너지:2
덕산테코피아,삼성 / 반디플,5,2,0.400,2026-05-07,삼성 / 반디플:2; 이차전지:2; BIO / 의료AI:1
덕양에너젠,개별주,2,2,1.000,2026-02-02,개별주:2
도우인시스,로봇,7,2,0.286,2026-03-13,로봇:2; 삼성 / 반디플:2; 개별주:2; IT / 통신:1
동성화인텍,조선,5,2,0.400,2026-04-03,조선:2; 전력 / 에너지:2; 개별주:1
동화기업,이차전지,2,2,1.000,2026-01-22,이차전지:2
두산밥캣,개별주,2,2,1.000,2026-01-12,개별주:2
라온테크,로봇,2,2,1.000,2025-12-29,로봇:2
라파스,BIO / 의료AI,2,2,1.000,2025-12-17,BIO / 의료AI:2
레이저옵텍,BIO / 의료AI,2,2,1.000,2026-03-18,BIO / 의료AI:2
롯데손해보험,개별주,2,2,1.000,2026-02-20,개별주:2
롯데정밀화학,전력 / 에너지,3,2,0.667,2026-04-29,전력 / 에너지:2; 삼성 / 반디플:1
롯데칠성,개별주,2,2,1.000,2025-12-24,개별주:2
롯데케미칼,개별주,4,2,0.500,2026-04-29,개별주:2; 전력 / 에너지:1; 이차전지:1
리메드,BIO / 의료AI,2,2,1.000,2026-02-25,BIO / 의료AI:2
메쎄이상,실적 / 공시,2,2,1.000,2025-11-10,실적 / 공시:2
메이슨캐피탈,BIO / 의료AI,2,2,1.000,2026-05-26,BIO / 의료AI:2
메카로,삼성 / 반디플,3,2,0.667,2026-03-18,삼성 / 반디플:2; 전력 / 에너지:1
메타랩스,BIO / 의료AI,3,2,0.667,2026-01-15,BIO / 의료AI:2; 개별주:1
멕아이씨에스,BIO / 의료AI,2,2,1.000,2026-03-31,BIO / 의료AI:2
명인제약,BIO / 의료AI,2,2,1.000,2025-10-14,BIO / 의료AI:2
모나리자,개별주,2,2,1.000,2026-03-27,개별주:2
모바일어플라이언스,로봇,2,2,1.000,2026-01-07,로봇:2
모티브링크,이차전지,5,2,0.400,2026-03-31,이차전지:2; 개별주:1; 로봇:1; 美 - 관세:1
문배철강,전력 / 에너지,3,2,0.667,2026-04-28,전력 / 에너지:2; 중동전쟁 / 원자재:1
미래컴퍼니,로봇,2,2,1.000,2025-12-03,로봇:2
미스터블루,개별주,3,2,0.667,2026-01-02,개별주:2; IP / 엔터:1
민테크,개별주,3,2,0.667,2026-05-11,개별주:2; 이차전지:1
바이오스마트,개별주,3,2,0.667,2026-02-02,개별주:2; 정치:1
버넥트,로봇,2,2,1.000,2026-06-10,로봇:2
벨로크,개별주,3,2,0.667,2026-04-21,개별주:2; 방산:1
보원케미칼,전력 / 에너지,2,2,1.000,2026-04-06,전력 / 에너지:2
비트맥스,개별주,2,2,1.000,2026-01-14,개별주:2
빅텍,방산,4,2,0.500,2026-04-17,방산:2; 조선:1; 전력 / 에너지:1
빌리언스,개별주,2,2,1.000,2025-09-11,개별주:2
삐아,개별주,3,2,0.667,2025-11-21,개별주:2; 화장품 / 중국:1
사조산업,개별주,3,2,0.667,2026-02-04,개별주:2; 정부 정책:1
사토시홀딩스,개별주,5,2,0.400,2026-05-15,개별주:2; IT / 통신:2; 코인 / 가상자산:1
삼기에너지솔루션즈,이차전지,4,2,0.500,2026-04-21,이차전지:2; 로봇:1; 개별주:1
삼보모터스,로봇,3,2,0.667,2026-01-19,로봇:2; 현대차:1
삼성에스디에스,로봇,5,2,0.400,2026-06-01,로봇:2; 개별주:2; 삼성 / 반디플:1
삼성제약,BIO / 의료AI,2,2,1.000,2025-12-09,BIO / 의료AI:2
삼성화재,개별주,4,2,0.500,2026-06-04,개별주:2; 삼성 / 반디플:2
삼일제약,BIO / 의료AI,2,2,1.000,2026-02-04,BIO / 의료AI:2
삼진제약,BIO / 의료AI,2,2,1.000,2026-05-19,BIO / 의료AI:2
삼화네트웍스,IP / 엔터,2,2,1.000,2025-08-20,IP / 엔터:2
서울반도체,개별주,5,2,0.400,2026-05-13,개별주:2; 삼성 / 반디플:2; IT / 통신:1
서흥,실적 / 공시,3,2,0.667,2025-08-20,실적 / 공시:2; BIO / 의료AI:1
석경에이티,개별주,3,2,0.667,2026-02-04,개별주:2; 전력 / 에너지:1
성우,이차전지,3,2,0.667,2026-01-28,이차전지:2; 방산:1
세미티에스,삼성 / 반디플,2,2,1.000,2026-06-15,삼성 / 반디플:2
세이브존I&C,개별주,2,2,1.000,2025-12-18,개별주:2
셀루메드,개별주,2,2,1.000,2025-12-24,개별주:2
셀트리온제약,BIO / 의료AI,2,2,1.000,2025-11-12,BIO / 의료AI:2
손오공,개별주,2,2,1.000,2025-09-01,개별주:2
솔디펜스,방산,2,2,1.000,2026-01-09,방산:2
솔브레인홀딩스,삼성 / 반디플,3,2,0.667,2026-04-20,삼성 / 반디플:2; 이차전지:1
솔트룩스,로봇,2,2,1.000,2026-03-13,로봇:2
송원산업,개별주,2,2,1.000,2026-04-30,개별주:2
수산세보틱스,전력 / 에너지,4,2,0.500,2026-05-07,전력 / 에너지:2; 개별주:1; 중동전쟁 / 원자재:1
스마트레이더시스템,개별주,2,2,1.000,2025-09-04,개별주:2
스튜디오드래곤,개별주,4,2,0.500,2026-01-02,개별주:2; IP / 엔터:2
시지메드텍,BIO / 의료AI,2,2,1.000,2026-03-11,BIO / 의료AI:2
신도리코,개별주,2,2,1.000,2026-02-04,개별주:2
신세계 I&C,개별주,2,2,1.000,2025-10-20,개별주:2
신세계I&C,로봇,3,2,0.667,2026-05-29,로봇:2; 개별주:1
신영와코루,개별주,2,2,1.000,2025-12-15,개별주:2
싸이맥스,삼성 / 반디플,2,2,1.000,2026-06-09,삼성 / 반디플:2
싸이토젠,BIO / 의료AI,2,2,1.000,2025-12-22,BIO / 의료AI:2
쏘카,개별주,2,2,1.000,2026-05-13,개별주:2
씨아이테크,로봇,2,2,1.000,2026-01-09,로봇:2
씨이랩,로봇,6,2,0.333,2026-06-01,로봇:2; 개별주:2; IT / 통신:1; 삼성 / 반디플:1
씨티알모빌리티,로봇,2,2,1.000,2026-01-13,로봇:2
씨티케이,개별주,3,2,0.667,2026-03-27,개별주:2; 전력 / 에너지:1
아남전자,개별주,3,2,0.667,2026-03-20,개별주:2; 삼성 / 반디플:1
아모레퍼시픽,실적 / 공시,3,2,0.667,2026-04-24,실적 / 공시:2; 개별주:1
아시아나항공,개별주,2,2,1.000,2026-06-15,개별주:2
아이센스,BIO / 의료AI,2,2,1.000,2026-02-13,BIO / 의료AI:2
아이윈플러스,로봇,4,2,0.500,2025-10-23,로봇:2; 개별주:2
아이티아이즈,코인 / 가상자산,2,2,1.000,2026-01-26,코인 / 가상자산:2
아이티엠반도체,개별주,3,2,0.667,2026-04-10,개별주:2; 이차전지:1
아진산업,로봇,4,2,0.500,2026-01-20,로봇:2; 이차전지:1; 조선:1
안트로젠,BIO / 의료AI,2,2,1.000,2026-03-10,BIO / 의료AI:2
알루코,전력 / 에너지,5,2,0.400,2026-04-28,전력 / 에너지:2; 중동전쟁 / 원자재:1; 중동전쟁:1; 개별주:1
알리코제약,BIO / 의료AI,2,2,1.000,2025-12-19,BIO / 의료AI:2
알피바이오,BIO / 의료AI,2,2,1.000,2025-10-14,BIO / 의료AI:2
압타바이오,BIO / 의료AI,2,2,1.000,2025-12-11,BIO / 의료AI:2
액스비스,개별주,3,2,0.667,2026-05-21,개별주:2; 로봇:1
액트로,로봇,4,2,0.500,2026-03-10,로봇:2; 개별주:2
어보브반도체,삼성 / 반디플,2,2,1.000,2026-04-24,삼성 / 반디플:2
에스켐,삼성 / 반디플,2,2,1.000,2025-08-27,삼성 / 반디플:2
에스퓨얼셀,전력 / 에너지,3,2,0.667,2025-11-04,전력 / 에너지:2; 이차전지:1
에스피소프트,IT / 통신,3,2,0.667,2026-04-20,IT / 통신:2; 실적 / 공시:1
에이비프로바이오,BIO / 의료AI,2,2,1.000,2025-11-12,BIO / 의료AI:2
에이아이코리아,로봇,3,2,0.667,2025-12-18,로봇:2; 이차전지:1
에이직랜드,삼성 / 반디플,2,2,1.000,2026-01-08,삼성 / 반디플:2
에이치엔에스하이텍,삼성 / 반디플,2,2,1.000,2026-05-04,삼성 / 반디플:2
에코마케팅,실적 / 공시,3,2,0.667,2026-01-02,실적 / 공시:2; 개별주:1
에코캡,로봇,2,2,1.000,2026-01-14,로봇:2
에코플라스틱,전력 / 에너지,3,2,0.667,2026-04-02,전력 / 에너지:2; 개별주:1
에프앤가이드,개별주,2,2,1.000,2026-05-06,개별주:2
엑세스바이오,BIO / 의료AI,2,2,1.000,2026-05-12,BIO / 의료AI:2
엑셈,삼성 / 반디플,2,2,1.000,2025-09-12,삼성 / 반디플:2
엑스페릭스,삼성 / 반디플,3,2,0.667,2026-05-29,삼성 / 반디플:2; 개별주:1
엔바이오니아,이차전지,2,2,1.000,2025-11-26,이차전지:2
엔비티,코인 / 가상자산,3,2,0.667,2026-01-16,코인 / 가상자산:2; 개별주:1
엔젠바이오,BIO / 의료AI,2,2,1.000,2026-02-02,BIO / 의료AI:2
엠앤씨솔루션,방산,4,2,0.500,2026-01-09,방산:2; 개별주:1; 조선:1
엠에스씨,개별주,2,2,1.000,2025-09-12,개별주:2
엠플러스,이차전지,4,2,0.500,2026-04-21,이차전지:2; 개별주:1; 전력 / 에너지:1
영화테크,로봇,2,2,1.000,2026-01-15,로봇:2
오로라,개별주,3,2,0.667,2026-04-29,개별주:2; 실적 / 공시:1
오성첨단소재,개별주,3,2,0.667,2025-09-30,개별주:2; BIO / 의료AI:1
오픈베이스,IT / 통신,3,2,0.667,2026-04-22,IT / 통신:2; 개별주:1
와이어블,IT / 통신,3,2,0.667,2026-04-08,IT / 통신:2; 삼성 / 반디플:1
와이엠텍,삼성 / 반디플,3,2,0.667,2026-04-27,삼성 / 반디플:2; 이차전지:1
와이즈버즈,개별주,3,2,0.667,2026-01-30,개별주:2; 실적 / 공시:1
우듬지팜,개별주,2,2,1.000,2025-09-03,개별주:2
우리기술투자,코인 / 가상자산,3,2,0.667,2026-01-23,코인 / 가상자산:2; 개별주:1
우리산업홀딩스,로봇,3,2,0.667,2026-02-27,로봇:2; 이차전지:1
우수AMS,로봇,3,2,0.667,2026-01-19,로봇:2; 현대차:1
워트,삼성 / 반디플,2,2,1.000,2026-05-06,삼성 / 반디플:2
원익머트리얼즈,삼성 / 반디플,3,2,0.667,2026-02-03,삼성 / 반디플:2; 로봇:1
원익큐브,로봇,2,2,1.000,2026-01-05,로봇:2
웨이브일렉트로,방산,2,2,1.000,2026-04-13,방산:2
웨이비스,삼성 / 반디플,4,2,0.500,2026-04-24,삼성 / 반디플:2; 실적 / 공시:1; 우주 / 항공:1
위메이드,개별주,2,2,1.000,2026-04-20,개별주:2
유니온,개별주,3,2,0.667,2026-01-07,개별주:2; 미-중 갈등 / 원자재:1
유니온머티리얼,개별주,3,2,0.667,2026-01-07,개별주:2; 미-중 갈등 / 원자재:1
유니퀘스트,삼성 / 반디플,3,2,0.667,2026-05-04,삼성 / 반디플:2; 로봇:1
유니테크노,전력 / 에너지,3,2,0.667,2026-01-27,전력 / 에너지:2; 로봇:1
유라클,삼성 / 반디플,6,2,0.333,2026-04-22,삼성 / 반디플:2; 개별주:1; 코인 / 가상자산:1; 정부 정책:1; 로봇:1
이노메트리,삼성 / 반디플,2,2,1.000,2026-05-06,삼성 / 반디플:2
이닉스,이차전지,3,2,0.667,2025-12-23,이차전지:2; 개별주:1
이삭엔지니어링,삼성 / 반디플,4,2,0.500,2025-10-31,삼성 / 반디플:2; 로봇:1; 개별주:1
이연제약,BIO / 의료AI,2,2,1.000,2026-05-07,BIO / 의료AI:2
이지홀딩스,개별주,2,2,1.000,2026-02-24,개별주:2
인바디,BIO / 의료AI,2,2,1.000,2026-06-10,BIO / 의료AI:2
인벤테라,BIO / 의료AI,2,2,1.000,2026-05-14,BIO / 의료AI:2
일신바이오,BIO / 의료AI,2,2,1.000,2025-11-21,BIO / 의료AI:2
제넥신,BIO / 의료AI,2,2,1.000,2026-04-17,BIO / 의료AI:2
제노코,방산,3,2,0.667,2026-03-24,방산:2; 우주 / 항공:1
제우스,로봇,2,2,1.000,2026-01-27,로봇:2
제이씨현시스템,개별주,3,2,0.667,2026-03-18,개별주:2; 방산:1
제이엔케이글로벌,개별주,2,2,1.000,2025-10-01,개별주:2
제이오,이차전지,3,2,0.667,2026-04-21,이차전지:2; 개별주:1
제이티,삼성 / 반디플,2,2,1.000,2026-02-12,삼성 / 반디플:2
조비,개별주,5,2,0.400,2026-04-30,개별주:2; 중동전쟁 / 원자재:1; 전력 / 에너지:1; 대북:1
주성코퍼레이션,IT / 통신,2,2,1.000,2026-04-14,IT / 통신:2
중앙에너비스,방산,5,2,0.400,2026-03-09,방산:2; 전력 / 에너지:1; 중동전쟁:1; 개별주:1
지아이텍,개별주,3,2,0.667,2026-05-14,개별주:2; 로봇:1
지에스이,전력 / 에너지,4,2,0.500,2026-03-19,전력 / 에너지:2; 중동전쟁:1; 방산:1
지에프아이,이차전지,2,2,1.000,2026-04-21,이차전지:2
진영,전력 / 에너지,5,2,0.400,2026-04-13,전력 / 에너지:2; 중동전쟁 / 원자재:1; 방산:1; 개별주:1
진흥기업,전력 / 에너지,3,2,0.667,2026-04-27,전력 / 에너지:2; 개별주:1
차바이오텍,BIO / 의료AI,2,2,1.000,2026-01-27,BIO / 의료AI:2
참좋은여행,개별주,3,2,0.667,2025-11-19,개별주:2; 화장품 / 중국:1
카카오,로봇,6,2,0.333,2026-06-12,로봇:2; 실적 / 공시:2; 개별주:1; 코인 / 가상자산:1
캔버스엔,개별주,2,2,1.000,2025-08-06,개별주:2
케이바이오,개별주,2,2,1.000,2026-02-20,개별주:2
케이옥션,정부 정책,3,2,0.667,2026-01-23,정부 정책:2; 코인 / 가상자산:1
케이지에이,로봇,2,2,1.000,2025-10-13,로봇:2
코리아에프티,이차전지,4,2,0.500,2025-12-02,이차전지:2; 자동차:1; 개별주:1
코스메카코리아,개별주,3,2,0.667,2026-01-22,개별주:2; 실적 / 공시:1
코아시아,삼성 / 반디플,2,2,1.000,2025-12-26,삼성 / 반디플:2
콜마홀딩스,개별주,2,2,1.000,2025-08-28,개별주:2
큐로셀,BIO / 의료AI,2,2,1.000,2026-04-01,BIO / 의료AI:2
크라우드웍스,로봇,4,2,0.500,2026-06-10,로봇:2; 개별주:1; AI:1
키스트론,전력 / 에너지,3,2,0.667,2026-05-22,전력 / 에너지:2; 삼성 / 반디플:1
킵스파마,BIO / 의료AI,3,2,0.667,2026-04-21,BIO / 의료AI:2; 이차전지:1
태광산업,개별주,2,2,1.000,2026-02-25,개별주:2
티케이케미칼,개별주,2,2,1.000,2026-03-26,개별주:2
티피씨글로벌,로봇,2,2,1.000,2026-01-22,로봇:2
파수,IT / 통신,2,2,1.000,2026-04-23,IT / 통신:2
팬스타엔터프라이즈,삼성 / 반디플,3,2,0.667,2026-02-10,삼성 / 반디플:2; 대북:1
팬오션,개별주,4,2,0.500,2026-05-07,개별주:2; 방산:1; 조선:1
포메탈,방산,2,2,1.000,2026-01-12,방산:2
포스코스틸리온,전력 / 에너지,2,2,1.000,2026-04-28,전력 / 에너지:2
폰드그룹,개별주,3,2,0.667,2026-02-12,개별주:2; 실적 / 공시:1
푸른기술,로봇,4,2,0.500,2026-05-13,로봇:2; 현대차:2
풀무원,개별주,2,2,1.000,2025-08-01,개별주:2
풍국주정,방산,2,2,1.000,2026-04-07,방산:2
풍산홀딩스,개별주,2,2,1.000,2026-04-07,개별주:2
풍원정밀,삼성 / 반디플,2,2,1.000,2026-03-13,삼성 / 반디플:2
퓨릿,삼성 / 반디플,2,2,1.000,2026-05-14,삼성 / 반디플:2
프로텍,삼성 / 반디플,3,2,0.667,2026-05-18,삼성 / 반디플:2; 실적 / 공시:1
피노,이차전지,5,2,0.400,2026-04-21,이차전지:2; 전력 / 에너지:1; 로봇:1; 개별주:1
피제이전자,로봇,2,2,1.000,2026-01-12,로봇:2
핑거,정부 정책,4,2,0.500,2026-04-22,정부 정책:2; 개별주:1; 코인 / 가상자산:1
한국ANKOR유전,방산,5,2,0.400,2026-04-02,방산:2; 전력 / 에너지:1; 중동전쟁 / 원자재:1; 중동전쟁:1
한국무브넥스,로봇,3,2,0.667,2026-05-12,로봇:2; 현대차:1
한국석유,방산,5,2,0.400,2026-04-02,방산:2; 전력 / 에너지:1; 중동전쟁:1; 원자재:1
한국정밀기계,전력 / 에너지,3,2,0.667,2026-01-15,전력 / 에너지:2; 조선:1
한미사이언스,개별주,4,2,0.500,2026-06-01,개별주:2; BIO / 의료AI:2
한양이엔지,삼성 / 반디플,3,2,0.667,2026-02-25,삼성 / 반디플:2; 방산:1
한일사료,전력 / 에너지,5,2,0.400,2026-04-06,전력 / 에너지:2; 개별주:1; 중동전쟁:1; 방산:1
한진칼,개별주,2,2,1.000,2025-12-12,개별주:2
한패스,개별주,2,2,1.000,2026-04-06,개별주:2
한화생명,개별주,4,2,0.500,2026-05-14,개별주:2; 실적 / 공시:1; 정부 정책:1
한화손해보험,개별주,4,2,0.500,2026-02-20,개별주:2; 실적 / 공시:1; 정부 정책:1
헥토이노베이션,코인 / 가상자산,3,2,0.667,2026-02-09,코인 / 가상자산:2; 개별주:1
현대공업,이차전지,4,2,0.500,2026-05-07,이차전지:2; 개별주:1; 조선:1
현대엘리베이터,개별주,2,2,1.000,2025-11-13,개별주:2
현대해상,개별주,2,2,1.000,2026-05-18,개별주:2
형지엘리트,로봇,3,2,0.667,2026-01-02,로봇:2; 개별주:1
혜인,개별주,2,2,1.000,2026-05-07,개별주:2
화신정공,로봇,4,2,0.500,2026-06-10,로봇:2; 개별주:1; 실적 / 공시:1
화인써키트,삼성 / 반디플,2,2,1.000,2026-04-30,삼성 / 반디플:2
화일약품,BIO / 의료AI,2,2,1.000,2025-09-30,BIO / 의료AI:2
화천기공,로봇,2,2,1.000,2025-12-04,로봇:2
휴메딕스,BIO / 의료AI,2,2,1.000,2025-09-08,BIO / 의료AI:2
휴스틸,전력 / 에너지,2,2,1.000,2026-04-28,전력 / 에너지:2
휴온스글로벌,BIO / 의료AI,2,2,1.000,2026-05-08,BIO / 의료AI:2
흥국화재,개별주,2,2,1.000,2026-02-23,개별주:2
AI 관련주: 폴라리스AI,전력 / 에너지,1,1,1.000,2025-09-23,전력 / 에너지:1
APS,개별주,1,1,1.000,2026-03-03,개별주:1
APS이노베이션,이차전지,1,1,1.000,2026-04-21,이차전지:1
AP헬스케어,개별주,1,1,1.000,2025-08-11,개별주:1
BGF에코머티리얼즈,삼성 / 반디플,2,1,0.500,2026-05-15,삼성 / 반디플:1; 방산:1
CJ씨푸드,개별주,1,1,1.000,2025-11-19,개별주:1
CJ프레시웨이,개별주,1,1,1.000,2026-03-10,개별주:1
DB,개별주,1,1,1.000,2025-09-01,개별주:1
DB증권,개별주,1,1,1.000,2026-02-13,개별주:1
DGP,개별주,2,1,0.500,2025-09-19,개별주:1; 전력 / 에너지:1
DH오토리드,로봇,1,1,1.000,2026-01-13,로봇:1
DI동일,이차전지,1,1,1.000,2026-04-22,이차전지:1
DL,개별주,1,1,1.000,2026-03-20,개별주:1
DN오토모티브,개별주,2,1,0.500,2026-03-16,개별주:1; 로봇:1
EG,미-중 갈등 / 원자재,1,1,1.000,2025-10-13,미-중 갈등 / 원자재:1
GKL,개별주,1,1,1.000,2025-09-17,개별주:1
GS,개별주,1,1,1.000,2025-11-10,개별주:1
GS리테일,실적 / 공시,1,1,1.000,2025-11-07,실적 / 공시:1
HB솔루션,삼성 / 반디플,1,1,1.000,2025-09-12,삼성 / 반디플:1
HD건설기계,개별주,1,1,1.000,2026-02-03,개별주:1
HK이노엔,BIO / 의료AI,1,1,1.000,2025-07-31,BIO / 의료AI:1
HLB글로벌,BIO / 의료AI,1,1,1.000,2025-11-04,BIO / 의료AI:1
HLB바이오스텝,BIO / 의료AI,1,1,1.000,2025-11-04,BIO / 의료AI:1
HLB생명과학,BIO / 의료AI,1,1,1.000,2025-11-04,BIO / 의료AI:1
HLB테라퓨틱스,BIO / 의료AI,1,1,1.000,2025-11-04,BIO / 의료AI:1
HMM,조선,2,1,0.500,2025-10-16,조선:1; 실적 / 공시:1
HS효성,이차전지,3,1,0.333,2025-11-03,이차전지:1; 정부 정책:1; 개별주:1
HS효성첨단소재,개별주,1,1,1.000,2026-04-28,개별주:1
JYP Ent.,IP / 엔터,1,1,1.000,2025-08-14,IP / 엔터:1
KBG,이차전지,1,1,1.000,2025-07-24,이차전지:1
KG모빌리티,자동차,1,1,1.000,2025-12-02,자동차:1
KSS해운,전력 / 에너지,2,1,0.500,2026-04-10,전력 / 에너지:1; 방산:1
KT&G,개별주,1,1,1.000,2025-08-08,개별주:1
KTcs,로봇,1,1,1.000,2025-09-17,로봇:1
LB인베스트먼트,삼성 / 반디플,2,1,0.500,2026-02-10,삼성 / 반디플:1; 개별주:1
LG유플러스,IT / 통신,2,1,0.500,2026-05-29,IT / 통신:1; 개별주:1
LIG아큐버,개별주,1,1,1.000,2026-04-21,개별주:1
LS네트웍스,전력 / 에너지,1,1,1.000,2026-04-29,전력 / 에너지:1
LS증권,개별주,1,1,1.000,2026-02-13,개별주:1
MH에탄올,방산,2,1,0.500,2026-04-07,방산:1; 전력 / 에너지:1
NC,로봇,1,1,1.000,2026-06-02,로봇:1
NEW,IP / 엔터,2,1,0.500,2025-08-19,IP / 엔터:1; 개별주:1
NHN벅스,개별주,1,1,1.000,2026-01-06,개별주:1
PI첨단소재,삼성 / 반디플,4,1,0.250,2026-05-04,삼성 / 반디플:1; 로봇:1; IT / 통신:1; 우주 / 항공:1
SDN,전력 / 에너지,1,1,1.000,2026-02-04,전력 / 에너지:1
SH에너지화학,전력 / 에너지,3,1,0.333,2026-03-19,전력 / 에너지:1; 중동전쟁:1; 방산:1
SK디앤디,실적 / 공시,1,1,1.000,2025-10-01,실적 / 공시:1
SK리츠,개별주,1,1,1.000,2026-06-11,개별주:1
SK바이오사이언스,BIO / 의료AI,1,1,1.000,2025-11-04,BIO / 의료AI:1
SK아이이테크놀로지,이차전지,1,1,1.000,2025-10-17,이차전지:1
SK이노베이션,전력 / 에너지,3,1,0.333,2026-04-29,전력 / 에너지:1; 이차전지:1; 개별주:1
SK케미칼,BIO / 의료AI,1,1,1.000,2025-10-22,BIO / 의료AI:1
SM C&C,개별주,2,1,0.500,2025-10-21,개별주:1; IP / 엔터:1
SNT다이내믹스,방산,2,1,0.500,2026-01-09,방산:1; 개별주:1
SNT모티브,방산,2,1,0.500,2026-01-09,방산:1; 전력 / 에너지:1
SOFC 관련주: 아모센스,전력 / 에너지,1,1,1.000,2025-09-23,전력 / 에너지:1
SY동아,로봇,1,1,1.000,2026-05-18,로봇:1
TYM,개별주,2,1,0.500,2025-08-19,개별주:1; 실적 / 공시:1
iMBC,개별주,1,1,1.000,2025-08-22,개별주:1
가비아,로봇,2,1,0.500,2025-11-25,로봇:1; 개별주:1
갤럭시아머니트리,코인 / 가상자산,2,1,0.500,2026-01-23,코인 / 가상자산:1; 정부 정책:1
경남제약,BIO / 의료AI,1,1,1.000,2025-11-11,BIO / 의료AI:1
경동인베스트,방산,1,1,1.000,2026-02-20,방산:1
계룡건설,개별주,2,1,0.500,2026-04-14,개별주:1; 전력 / 에너지:1
고려산업,중동전쟁,1,1,1.000,2026-03-04,중동전쟁:1
광동제약,개별주,2,1,0.500,2026-02-20,개별주:1; BIO / 의료AI:1
광명전기,전력 / 에너지,1,1,1.000,2025-10-23,전력 / 에너지:1
구영테크,로봇,1,1,1.000,2026-01-14,로봇:1
국제약품,BIO / 의료AI,1,1,1.000,2025-11-12,BIO / 의료AI:1
그래디언트,개별주,1,1,1.000,2026-03-16,개별주:1
극동유화,중동전쟁,1,1,1.000,2026-03-04,중동전쟁:1
금호석유화학,전력 / 에너지,2,1,0.500,2026-04-29,전력 / 에너지:1; 개별주:1
깨끗한나라,개별주,1,1,1.000,2026-03-27,개별주:1
꿈비,개별주,1,1,1.000,2025-12-17,개별주:1
나노실리칸첨단소재,개별주,1,1,1.000,2025-09-16,개별주:1
나노캠텍,개별주,1,1,1.000,2026-05-27,개별주:1
나라엠앤디,이차전지,1,1,1.000,2025-07-30,이차전지:1
나이스정보통신,개별주,1,1,1.000,2026-06-04,개별주:1
남광토건,개별주,1,1,1.000,2025-12-05,개별주:1
남해화학,개별주,3,1,0.333,2026-04-30,개별주:1; 중동전쟁 / 원자재:1; 전력 / 에너지:1
네오오토,로봇,2,1,0.500,2026-05-13,로봇:1; 우주 / 항공:1
네오위즈홀딩스,개별주,1,1,1.000,2026-05-19,개별주:1
네온테크,삼성 / 반디플,1,1,1.000,2026-01-06,삼성 / 반디플:1
네이블,IT / 통신,1,1,1.000,2026-04-13,IT / 통신:1
넥써쓰,실적 / 공시,1,1,1.000,2026-02-02,실적 / 공시:1
농심홀딩스,개별주,2,1,0.500,2025-09-16,개별주:1; 정부 정책:1
누리플랜,개별주,1,1,1.000,2025-08-13,개별주:1
뉴인텍,개별주,1,1,1.000,2025-12-03,개별주:1
뉴키즈온,개별주,1,1,1.000,2025-08-29,개별주:1
뉴프렉스,삼성 / 반디플,2,1,0.500,2026-04-14,삼성 / 반디플:1; 개별주:1
다산네트웍스,삼성 / 반디플,2,1,0.500,2026-03-20,삼성 / 반디플:1; 개별주:1
다올투자증권,개별주,1,1,1.000,2026-02-19,개별주:1
다우기술,개별주,1,1,1.000,2026-02-09,개별주:1
다우데이타,개별주,1,1,1.000,2026-02-09,개별주:1
닷밀,IP / 엔터,1,1,1.000,2025-08-19,IP / 엔터:1
대덕,삼성 / 반디플,1,1,1.000,2025-11-10,삼성 / 반디플:1
대동,로봇,2,1,0.500,2026-02-05,로봇:1; 개별주:1
대동스틸,전력 / 에너지,2,1,0.500,2026-04-28,전력 / 에너지:1; 개별주:1
대성미생물,개별주,1,1,1.000,2026-03-10,개별주:1
대성창투,개별주,1,1,1.000,2025-12-19,개별주:1
대성파인텍,이차전지,1,1,1.000,2025-08-12,이차전지:1
대양금속,개별주,1,1,1.000,2026-05-27,개별주:1
대영포장,전력 / 에너지,2,1,0.500,2026-04-06,전력 / 에너지:1; 개별주:1
대웅,정부 정책,2,1,0.500,2025-11-12,정부 정책:1; 개별주:1
대원산업,개별주,1,1,1.000,2025-11-19,개별주:1
대유에이텍,이차전지,1,1,1.000,2025-10-22,이차전지:1
대창,개별주,1,1,1.000,2026-01-06,개별주:1
대한해운,전력 / 에너지,4,1,0.250,2026-04-10,전력 / 에너지:1; 중동전쟁:1; 방산:1; 개별주:1
더블유게임즈,개별주,1,1,1.000,2026-04-28,개별주:1
더존비즈온,개별주,2,1,0.500,2026-02-23,개별주:1; 로봇:1
덕성,전력 / 에너지,1,1,1.000,2025-09-01,전력 / 에너지:1
덕신이피씨,개별주,1,1,1.000,2026-02-11,개별주:1
데이타솔루션,개별주,1,1,1.000,2025-10-01,개별주:1
동구바이오제약,BIO / 의료AI,1,1,1.000,2025-09-22,BIO / 의료AI:1
동국S&C,전력 / 에너지,1,1,1.000,2026-03-20,전력 / 에너지:1
동국생명과학,개별주,1,1,1.000,2025-07-24,개별주:1
동국알앤에스,미-중 갈등 / 원자재,1,1,1.000,2025-10-13,미-중 갈등 / 원자재:1
동국제강,전력 / 에너지,3,1,0.333,2026-04-27,전력 / 에너지:1; 조선:1; 로봇:1
동국제약,개별주,2,1,0.500,2026-04-06,개별주:1; BIO / 의료AI:1
동방,조선,1,1,1.000,2025-09-09,조선:1
동방메디컬,BIO / 의료AI,1,1,1.000,2025-12-19,BIO / 의료AI:1
동양,개별주,1,1,1.000,2025-09-29,개별주:1
동양에스텍,조선,1,1,1.000,2025-09-11,조선:1
동양철관,조선,2,1,0.500,2025-07-28,조선:1; 美 - 관세:1
동원수산,개별주,1,1,1.000,2025-11-19,개별주:1
동일기연,개별주,1,1,1.000,2025-10-21,개별주:1
두올,개별주,1,1,1.000,2025-09-05,개별주:1
듀켐바이오,BIO / 의료AI,1,1,1.000,2025-12-19,BIO / 의료AI:1
드림어스컴퍼니,개별주,1,1,1.000,2025-07-24,개별주:1
드림텍,삼성 / 반디플,1,1,1.000,2025-11-03,삼성 / 반디플:1
디알젬,BIO / 의료AI,1,1,1.000,2025-08-25,BIO / 의료AI:1
디알텍,BIO / 의료AI,1,1,1.000,2025-11-14,BIO / 의료AI:1
디어유,개별주,3,1,0.333,2026-02-05,개별주:1; 코인 / 가상자산:1; 화장품 / 중국:1
디와이씨,방산,3,1,0.333,2026-03-06,방산:1; 이차전지:1; 개별주:1
디이엔티,이차전지,1,1,1.000,2025-07-30,이차전지:1
디젠스,개별주,3,1,0.333,2026-06-04,개별주:1; 로봇:1; 이차전지:1
디케이락,개별주,3,1,0.333,2025-11-11,개별주:1; 조선:1; 전력 / 에너지:1
디케이앤디,로봇,1,1,1.000,2026-04-28,로봇:1
라온피플,로봇,1,1,1.000,2025-12-02,로봇:1
로스웰,개별주,1,1,1.000,2025-12-12,개별주:1
롯데이노베이트,로봇,1,1,1.000,2026-01-13,로봇:1
링네트,로봇,1,1,1.000,2026-04-27,로봇:1
마이크로디지탈,BIO / 의료AI,1,1,1.000,2025-12-22,BIO / 의료AI:1
마이크로컨텍솔,삼성 / 반디플,2,1,0.500,2026-02-19,삼성 / 반디플:1; 실적 / 공시:1
마크로젠,BIO / 의료AI,1,1,1.000,2026-01-30,BIO / 의료AI:1
만호제강,개별주,1,1,1.000,2025-09-26,개별주:1
메리츠금융지주,개별주,1,1,1.000,2025-08-21,개별주:1
메타바이오메드,BIO / 의료AI,1,1,1.000,2025-09-08,BIO / 의료AI:1
메타케어,개별주,1,1,1.000,2025-09-18,개별주:1
모나미,개별주,1,1,1.000,2025-08-26,개별주:1
모두투어,개별주,1,1,1.000,2026-02-05,개별주:1
모비데이즈,개별주,2,1,0.500,2025-09-17,개별주:1; 실적 / 공시:1
모코엠시스,개별주,1,1,1.000,2025-09-05,개별주:1
모트렉스,로봇,2,1,0.500,2026-01-07,로봇:1; 자율주행:1
무림P&P,IT / 통신,2,1,0.500,2026-04-16,IT / 통신:1; 개별주:1
무림SP,IT / 통신,1,1,1.000,2026-04-16,IT / 통신:1
무림페이퍼,IT / 통신,1,1,1.000,2026-04-16,IT / 통신:1
미디어젠,개별주,1,1,1.000,2026-03-19,개별주:1
미래생명자원,중동전쟁,1,1,1.000,2026-03-04,중동전쟁:1
미래아이앤지,개별주,1,1,1.000,2026-03-17,개별주:1
미트박스,조선,2,1,0.500,2025-07-25,조선:1; 개별주:1
바이넥스,BIO / 의료AI,1,1,1.000,2025-09-22,BIO / 의료AI:1
바이오비쥬,BIO / 의료AI,2,1,0.500,2025-09-30,BIO / 의료AI:1; 화장품 / 중국:1
바텍,개별주,1,1,1.000,2026-02-27,개별주:1
박셀바이오,BIO / 의료AI,1,1,1.000,2025-09-22,BIO / 의료AI:1
방산 관련주: 한화시스템,방산,1,1,1.000,2026-03-03,방산:1
벡트,로봇,1,1,1.000,2025-12-10,로봇:1
보락,개별주,1,1,1.000,2026-01-28,개별주:1
보령,BIO / 의료AI,1,1,1.000,2025-07-25,BIO / 의료AI:1
보해양조,개별주,1,1,1.000,2026-02-12,개별주:1
본느,개별주,1,1,1.000,2026-04-24,개별주:1
부국철강,전력 / 에너지,2,1,0.500,2026-04-28,전력 / 에너지:1; 중동전쟁 / 원자재:1
부산산업,대북,1,1,1.000,2026-02-06,대북:1
뷰웍스,우주 / 항공,1,1,1.000,2026-02-03,우주 / 항공:1
비씨엔씨,삼성 / 반디플,1,1,1.000,2025-09-24,삼성 / 반디플:1
비아이매트릭스,개별주,2,1,0.500,2026-02-09,개별주:1; 로봇:1
비아트론,개별주,1,1,1.000,2026-02-04,개별주:1
비엘팜텍,BIO / 의료AI,1,1,1.000,2026-02-13,BIO / 의료AI:1
비엠티,삼성 / 반디플,2,1,0.500,2026-02-12,삼성 / 반디플:1; 실적 / 공시:1
비올,개별주,1,1,1.000,2025-09-23,개별주:1
비츠로시스,개별주,2,1,0.500,2026-02-24,개별주:1; 전력 / 에너지:1
비츠로테크,전력 / 에너지,2,1,0.500,2026-04-15,전력 / 에너지:1; 방산:1
비트플래닛,개별주,1,1,1.000,2026-01-14,개별주:1
사람인,개별주,1,1,1.000,2026-03-23,개별주:1
사조동아원,개별주,1,1,1.000,2025-09-12,개별주:1
사조씨푸드,개별주,1,1,1.000,2025-11-19,개별주:1
산돌,실적 / 공시,1,1,1.000,2025-08-14,실적 / 공시:1
삼기,로봇,3,1,0.333,2026-01-13,로봇:1; 개별주:1; 이차전지:1
삼목에스폼,개별주,1,1,1.000,2026-05-18,개별주:1
삼양패키징,전력 / 에너지,1,1,1.000,2026-03-24,전력 / 에너지:1
삼영전자,삼성 / 반디플,2,1,0.500,2026-05-26,삼성 / 반디플:1; 개별주:1
삼지전자,삼성 / 반디플,3,1,0.333,2026-05-18,삼성 / 반디플:1; 실적 / 공시:1; IT / 통신:1
삼진식품,개별주,1,1,1.000,2025-12-22,개별주:1
삼진엘앤디,이차전지,2,1,0.500,2026-04-20,이차전지:1; 전력 / 에너지:1
삼천리자전거,개별주,1,1,1.000,2026-04-20,개별주:1
상보,개별주,1,1,1.000,2026-01-07,개별주:1
상신전자,개별주,2,1,0.500,2026-01-07,개별주:1; 미-중 갈등 / 원자재:1
상아프론테크,개별주,2,1,0.500,2026-03-17,개별주:1; 우주 / 항공:1
서암기계공업,조선,1,1,1.000,2025-09-11,조선:1
서연,로봇,1,1,1.000,2026-01-16,로봇:1
서연이화,로봇,2,1,0.500,2026-01-16,로봇:1; 美 - 관세:1
서울옥션,코인 / 가상자산,2,1,0.500,2026-01-23,코인 / 가상자산:1; 정부 정책:1
서울전자통신,개별주,1,1,1.000,2026-05-28,개별주:1
서원,전력 / 에너지,2,1,0.500,2026-04-15,전력 / 에너지:1; 개별주:1
서희건설,개별주,1,1,1.000,2026-05-28,개별주:1
성신양회,개별주,1,1,1.000,2026-04-14,개별주:1
성안머티리얼스,미-중 갈등 / 원자재,1,1,1.000,2025-10-13,미-중 갈등 / 원자재:1
성우전자,실적 / 공시,1,1,1.000,2026-01-30,실적 / 공시:1
성우하이텍,개별주,3,1,0.333,2026-03-10,개별주:1; 로봇:1; 이차전지:1
세나테크놀로지,로봇,3,1,0.333,2026-05-29,로봇:1; IT / 통신:1; 개별주:1
세아제강,전력 / 에너지,3,1,0.333,2026-04-28,전력 / 에너지:1; 중동전쟁 / 원자재:1; 美 - 관세:1
세아홀딩스,개별주,1,1,1.000,2026-05-20,개별주:1
세운메디칼,전력 / 에너지,1,1,1.000,2026-04-06,전력 / 에너지:1
세코닉스,로봇,1,1,1.000,2026-01-06,로봇:1
센코,삼성 / 반디플,1,1,1.000,2025-09-01,삼성 / 반디플:1
셀레믹스,BIO / 의료AI,1,1,1.000,2026-04-17,BIO / 의료AI:1
셀로맥스사이언스,BIO / 의료AI,1,1,1.000,2025-12-15,BIO / 의료AI:1
셀바스AI,IT / 통신,4,1,0.250,2026-04-16,IT / 통신:1; 개별주:1; 로봇:1; BIO / 의료AI:1
소마젠,BIO / 의료AI,1,1,1.000,2026-01-30,BIO / 의료AI:1
소프트센,개별주,1,1,1.000,2026-02-12,개별주:1
솔루엠,전력 / 에너지,2,1,0.500,2026-05-06,전력 / 에너지:1; 개별주:1
수산인더스트리,전력 / 에너지,1,1,1.000,2026-03-12,전력 / 에너지:1
슈프리마,개별주,2,1,0.500,2026-04-22,개별주:1; 로봇:1
슈프리마에이치큐,개별주,1,1,1.000,2026-04-22,개별주:1
스톤브릿지벤처스,BIO / 의료AI,2,1,0.500,2025-12-16,BIO / 의료AI:1; 개별주:1
스튜디오삼익,개별주,1,1,1.000,2025-08-25,개별주:1
스페코,방산,2,1,0.500,2026-03-03,방산:1; 조선:1
시공테크,IT / 통신,1,1,1.000,2026-04-16,IT / 통신:1
시노펙스,삼성 / 반디플,2,1,0.500,2026-03-11,삼성 / 반디플:1; 개별주:1
신대양제지,개별주,1,1,1.000,2026-02-10,개별주:1
신도기연,삼성 / 반디플,1,1,1.000,2026-04-27,삼성 / 반디플:1
신성델타테크,개별주,1,1,1.000,2025-12-08,개별주:1
신세계인터내셔날,개별주,1,1,1.000,2026-05-13,개별주:1
신세계푸드,개별주,1,1,1.000,2025-12-15,개별주:1
신스틸,전력 / 에너지,1,1,1.000,2026-04-28,전력 / 에너지:1
신시웨이,개별주,1,1,1.000,2025-12-01,개별주:1
신신제약,BIO / 의료AI,1,1,1.000,2025-12-17,BIO / 의료AI:1
신원종합개발,정부 정책,2,1,0.500,2025-12-11,정부 정책:1; 개별주:1
신한지주,개별주,2,1,0.500,2026-06-05,개별주:1; 코인 / 가상자산:1
신화콘텍,로봇,1,1,1.000,2025-08-26,로봇:1
심플랫폼,로봇,2,1,0.500,2026-03-13,로봇:1; IT / 통신:1
씨앤지하이테크,삼성 / 반디플,2,1,0.500,2026-04-27,삼성 / 반디플:1; 개별주:1
씨엔알리서치,BIO / 의료AI,1,1,1.000,2025-11-25,BIO / 의료AI:1
씨케이솔루션,실적 / 공시,2,1,0.500,2026-02-12,실적 / 공시:1; 전력 / 에너지:1
아모그린텍,개별주,2,1,0.500,2026-04-23,개별주:1; 이차전지:1
아모레퍼시픽홀딩스,실적 / 공시,2,1,0.500,2026-02-09,실적 / 공시:1; 개별주:1
아바코,삼성 / 반디플,2,1,0.500,2026-05-14,삼성 / 반디플:1; 개별주:1
아비코전자,삼성 / 반디플,2,1,0.500,2026-05-26,삼성 / 반디플:1; 개별주:1
아세아제지,개별주,1,1,1.000,2026-02-10,개별주:1
아센디오,IP / 엔터,1,1,1.000,2025-08-19,IP / 엔터:1
아스테라시스,BIO / 의료AI,1,1,1.000,2025-10-17,BIO / 의료AI:1
아스트,개별주,1,1,1.000,2026-02-23,개별주:1
아시아종묘,전력 / 에너지,1,1,1.000,2026-03-09,전력 / 에너지:1
아이디스홀딩스,실적 / 공시,1,1,1.000,2026-02-13,실적 / 공시:1
아이스크림미디어,개별주,1,1,1.000,2025-09-22,개별주:1
아이에스동서,개별주,1,1,1.000,2025-12-17,개별주:1
아이엠바이오로직스,실적 / 공시,2,1,0.500,2026-05-14,실적 / 공시:1; 개별주:1
아이엠티,개별주,2,1,0.500,2026-03-30,개별주:1; 삼성 / 반디플:1
아이즈비전,IT / 통신,1,1,1.000,2026-04-13,IT / 통신:1
아이텍,삼성 / 반디플,1,1,1.000,2026-02-04,삼성 / 반디플:1
아이티센피엔에스,IT / 통신,1,1,1.000,2026-04-15,IT / 통신:1
아이패밀리에스씨,실적 / 공시,1,1,1.000,2025-08-18,실적 / 공시:1
아주스틸,전력 / 에너지,1,1,1.000,2026-04-28,전력 / 에너지:1
알로이스,개별주,1,1,1.000,2026-05-28,개별주:1
알서포트,개별주,2,1,0.500,2026-03-26,개별주:1; IT / 통신:1
알에프텍,개별주,1,1,1.000,2026-02-27,개별주:1
알엔티엑스,전력 / 에너지,1,1,1.000,2026-04-15,전력 / 에너지:1
알체라,로봇,2,1,0.500,2026-04-28,로봇:1; 개별주:1
알파칩스,삼성 / 반디플,1,1,1.000,2026-04-03,삼성 / 반디플:1
애경산업,BIO / 의료AI,2,1,0.500,2026-05-28,BIO / 의료AI:1; 개별주:1
애경케미칼,방산,4,1,0.250,2026-04-22,방산:1; IT / 통신:1; 개별주:1; 이차전지:1
애드바이오텍,개별주,2,1,0.500,2025-10-17,개별주:1; 전력 / 에너지:1
앤로보틱스,로봇,2,1,0.500,2026-04-27,로봇:1; 개별주:1
얼라인드,BIO / 의료AI,1,1,1.000,2026-02-25,BIO / 의료AI:1
에스넷,IT / 통신,1,1,1.000,2026-04-16,IT / 통신:1
에스아이리소스,중동전쟁,3,1,0.333,2026-04-20,중동전쟁:1; 전력 / 에너지:1; 개별주:1
에스앤더블류,조선,1,1,1.000,2025-09-04,조선:1
에스엠씨지,방산,2,1,0.500,2026-03-30,방산:1; 개별주:1
에스코넥,실적 / 공시,1,1,1.000,2026-02-12,실적 / 공시:1
에스팀,개별주,1,1,1.000,2026-03-06,개별주:1
에스폴리텍,개별주,1,1,1.000,2026-03-26,개별주:1
에쎈테크,개별주,1,1,1.000,2026-03-20,개별주:1
에쓰씨엔지니어링,개별주,1,1,1.000,2026-01-19,개별주:1
에어레인,전력 / 에너지,1,1,1.000,2025-10-29,전력 / 에너지:1
에어부산,개별주,1,1,1.000,2025-12-08,개별주:1
에이비온,BIO / 의료AI,1,1,1.000,2025-11-10,BIO / 의료AI:1
에이전트AI,전력 / 에너지,1,1,1.000,2026-03-31,전력 / 에너지:1
에이치시티,개별주,1,1,1.000,2025-07-29,개별주:1
에이텀,로봇,2,1,0.500,2026-06-05,로봇:1; 조선:1
에이테크솔루션,개별주,3,1,0.333,2026-01-19,개별주:1; 삼성 / 반디플:1; 이차전지:1
에이티넘인베스트,로봇,1,1,1.000,2026-06-02,로봇:1
에이프로젠바이오,BIO / 의료AI,1,1,1.000,2026-05-13,BIO / 의료AI:1
에이플러스에셋,개별주,1,1,1.000,2025-11-19,개별주:1
에코바이오,개별주,1,1,1.000,2025-11-10,개별주:1
엑사이엔씨,개별주,1,1,1.000,2025-09-24,개별주:1
엑시온그룹,조선,2,1,0.500,2025-10-21,조선:1; 로봇:1
엔시스,개별주,1,1,1.000,2026-04-27,개별주:1
엔지켐생명과학,BIO / 의료AI,1,1,1.000,2025-09-02,BIO / 의료AI:1
엔터 관련주: 에이스토리,개별주,1,1,1.000,2026-01-02,개별주:1
엔피케이,BIO / 의료AI,1,1,1.000,2025-11-18,BIO / 의료AI:1
엠로,로봇,2,1,0.500,2026-05-29,로봇:1; 개별주:1
엠씨넥스,자율주행,1,1,1.000,2025-12-26,자율주행:1
엠아이큐브솔루션,실적 / 공시,1,1,1.000,2026-01-27,실적 / 공시:1
엠에스오토텍,로봇,1,1,1.000,2026-02-25,로봇:1
엠투아이,로봇,1,1,1.000,2025-09-01,로봇:1
엠투엔,BIO / 의료AI,1,1,1.000,2025-09-04,BIO / 의료AI:1
엣지파운드리,개별주,1,1,1.000,2025-12-11,개별주:1
영우디에스피,삼성 / 반디플,1,1,1.000,2025-08-26,삼성 / 반디플:1
영원무역,개별주,2,1,0.500,2025-11-18,개별주:1; 실적 / 공시:1
영풍,개별주,1,1,1.000,2025-11-27,개별주:1
예림당,정치,2,1,0.500,2025-12-15,정치:1; 정부 정책:1
오가닉티코스메틱,화장품,1,1,1.000,2025-10-30,화장품:1
오늘이앤엠,IT / 통신,1,1,1.000,2026-05-08,IT / 통신:1
오늘이엔엠,IT / 통신,2,1,0.500,2026-04-01,IT / 통신:1; 삼성 / 반디플:1
오뚜기,개별주,1,1,1.000,2025-09-12,개별주:1
오리엔트바이오,개별주,1,1,1.000,2026-02-12,개별주:1
오비고,삼성 / 반디플,1,1,1.000,2025-12-26,삼성 / 반디플:1
오상헬스케어,BIO / 의료AI,1,1,1.000,2026-04-17,BIO / 의료AI:1
오스테오닉,BIO / 의료AI,1,1,1.000,2025-08-19,BIO / 의료AI:1
오아,개별주,1,1,1.000,2025-09-09,개별주:1
오텍,전력 / 에너지,3,1,0.333,2026-05-08,전력 / 에너지:1; IT / 통신:1; 로봇:1
와이랩,개별주,1,1,1.000,2025-09-16,개별주:1
와이즈넛,로봇,3,1,0.333,2026-03-13,로봇:1; 삼성 / 반디플:1; 개별주:1
우정바이오,개별주,2,1,0.500,2026-03-06,개별주:1; BIO / 의료AI:1
우진플라임,개별주,1,1,1.000,2026-04-21,개별주:1
웅진,개별주,1,1,1.000,2025-08-18,개별주:1
원유·천연가스 관련주: 극동유화,방산,1,1,1.000,2026-03-03,방산:1
원익피앤이,로봇,1,1,1.000,2026-01-02,로봇:1
원준,삼성 / 반디플,2,1,0.500,2026-05-28,삼성 / 반디플:1; 이차전지:1
위드텍,삼성 / 반디플,1,1,1.000,2025-07-28,삼성 / 반디플:1
위메이드맥스,개별주,1,1,1.000,2026-04-20,개별주:1
위메이드플레이,개별주,1,1,1.000,2026-04-20,개별주:1
위지트,개별주,1,1,1.000,2026-04-09,개별주:1
유니드,개별주,1,1,1.000,2026-04-23,개별주:1
유라테크,개별주,1,1,1.000,2026-04-14,개별주:1
유비쿼스,IT / 통신,2,1,0.500,2026-03-11,IT / 통신:1; 로봇:1
유비쿼스홀딩스,IT / 통신,1,1,1.000,2026-04-14,IT / 통신:1
유성티엔에스,개별주,1,1,1.000,2026-05-28,개별주:1
유신,전력 / 에너지,1,1,1.000,2026-04-08,전력 / 에너지:1
이구산업,개별주,2,1,0.500,2026-05-13,개별주:1; 전력 / 에너지:1
이글루,IT / 통신,1,1,1.000,2026-04-15,IT / 통신:1
이노뎁,IT / 통신,1,1,1.000,2026-04-16,IT / 통신:1
이노진,BIO / 의료AI,1,1,1.000,2025-12-17,BIO / 의료AI:1
이녹스,우주 / 항공,1,1,1.000,2026-02-03,우주 / 항공:1
이렘,美 - 관세,1,1,1.000,2025-07-23,美 - 관세:1
이스트소프트,정부 정책,1,1,1.000,2025-08-04,정부 정책:1
이스트에이드,개별주,2,1,0.500,2026-01-16,개별주:1; 정부 정책:1
이엠앤아이,이차전지,4,1,0.250,2025-10-24,이차전지:1; 로봇:1; 개별주:1; 삼성 / 반디플:1
이원컴포텍,개별주,1,1,1.000,2026-01-09,개별주:1
이지바이오,개별주,1,1,1.000,2025-07-30,개별주:1
이지케어텍,개별주,1,1,1.000,2025-12-04,개별주:1
이지트로닉스,이차전지,1,1,1.000,2025-09-04,이차전지:1
인스웨이브,개별주,1,1,1.000,2026-01-09,개별주:1
인스피언,IT / 통신,2,1,0.500,2026-04-14,IT / 통신:1; 개별주:1
인포바인,개별주,1,1,1.000,2025-08-01,개별주:1
인화정공,조선,1,1,1.000,2025-08-29,조선:1
일정실업,개별주,1,1,1.000,2025-09-30,개별주:1
일지테크,로봇,1,1,1.000,2026-01-13,로봇:1
일진다이아,미중갈등 / 원자재,2,1,0.500,2025-10-14,미중갈등 / 원자재:1; 미-중 갈등 / 원자재:1
일진디스플,삼성 / 반디플,1,1,1.000,2025-08-13,삼성 / 반디플:1
일진하이솔루스,로봇,1,1,1.000,2026-02-25,로봇:1
일진홀딩스,전력 / 에너지,1,1,1.000,2026-05-04,전력 / 에너지:1
잉글우드랩,실적 / 공시,1,1,1.000,2025-11-07,실적 / 공시:1
자이글,이차전지,1,1,1.000,2025-10-22,이차전지:1
제너셈,삼성 / 반디플,2,1,0.500,2026-04-16,삼성 / 반디플:1; 실적 / 공시:1
제놀루션,BIO / 의료AI,1,1,1.000,2025-08-19,BIO / 의료AI:1
제이브이엠,BIO / 의료AI,1,1,1.000,2025-07-31,BIO / 의료AI:1
제이스코홀딩스,개별주,1,1,1.000,2025-08-20,개별주:1
제이아이테크,방산,2,1,0.500,2026-03-30,방산:1; 삼성 / 반디플:1
제이엠티,삼성 / 반디플,1,1,1.000,2025-08-13,삼성 / 반디플:1
제이준코스메틱,실적 / 공시,2,1,0.500,2025-10-01,실적 / 공시:1; BIO / 의료AI:1
제이투케이바이오,실적 / 공시,2,1,0.500,2026-05-14,실적 / 공시:1; BIO / 의료AI:1
제주항공,개별주,1,1,1.000,2026-06-15,개별주:1
제테마,개별주,1,1,1.000,2026-05-29,개별주:1
젝시믹스,정치,2,1,0.500,2025-12-15,정치:1; 정부 정책:1
조선내화,개별주,1,1,1.000,2025-09-25,개별주:1
조선선재,조선,1,1,1.000,2025-09-09,조선:1
조아제약,대북,1,1,1.000,2026-02-06,대북:1
조일알미늄,방산,5,1,0.200,2026-04-22,방산:1; 중동전쟁 / 원자재:1; 전력 / 에너지:1; 중동전쟁:1; 개별주:1
종근당,BIO / 의료AI,1,1,1.000,2025-07-29,BIO / 의료AI:1
종근당바이오,BIO / 의료AI,1,1,1.000,2026-01-20,BIO / 의료AI:1
증권 관련주: 부국증권,개별주,1,1,1.000,2025-08-28,개별주:1
증권 관련주: 상상인증권,정부 정책,1,1,1.000,2025-09-15,정부 정책:1
증권사 관련주: NH투자증권,개별주,1,1,1.000,2025-11-10,개별주:1
지씨셀,BIO / 의료AI,1,1,1.000,2025-10-17,BIO / 의료AI:1
지씨지놈,BIO / 의료AI,1,1,1.000,2026-01-20,BIO / 의료AI:1
지에프씨생명과학,BIO / 의료AI,3,1,0.333,2025-09-30,BIO / 의료AI:1; 개별주:1; 화장품 / 중국:1
지엔코,개별주,1,1,1.000,2025-09-17,개별주:1
지역난방공사,실적 / 공시,1,1,1.000,2025-11-07,실적 / 공시:1
지오엘리먼트,삼성 / 반디플,1,1,1.000,2026-05-11,삼성 / 반디플:1
지주사 관련주: HD현대,정부 정책,1,1,1.000,2025-09-15,정부 정책:1
지주사 관련주: HS효성,개별주,1,1,1.000,2025-11-10,개별주:1
지주사 관련주: 코오롱,개별주,1,1,1.000,2025-08-28,개별주:1
진매트릭스,BIO / 의료AI,1,1,1.000,2025-09-17,BIO / 의료AI:1
진바이오텍,실적 / 공시,1,1,1.000,2025-08-11,실적 / 공시:1
진양화학,개별주,1,1,1.000,2026-06-04,개별주:1
진에어,개별주,1,1,1.000,2025-12-08,개별주:1
창해에탄올,방산,2,1,0.500,2026-04-07,방산:1; 전력 / 에너지:1
채비,이차전지,1,1,1.000,2026-04-29,이차전지:1
청담글로벌,화장품,2,1,0.500,2025-10-30,화장품:1; 개별주:1
칩스앤미디어,삼성 / 반디플,1,1,1.000,2025-12-05,삼성 / 반디플:1
카카오뱅크,개별주,2,1,0.500,2026-02-05,개별주:1; 코인 / 가상자산:1
컬러레이,화장품,1,1,1.000,2025-10-30,화장품:1
컴투스홀딩스,개별주,1,1,1.000,2026-01-26,개별주:1
케스피온,미중갈등 / 원자재,1,1,1.000,2025-10-14,미중갈등 / 원자재:1
케이뱅크,개별주,1,1,1.000,2026-06-10,개별주:1
케이씨,삼성 / 반디플,1,1,1.000,2025-10-02,삼성 / 반디플:1
케이아이엔엑스,개별주,1,1,1.000,2025-11-26,개별주:1
케이알엠,방산,1,1,1.000,2026-03-03,방산:1
케이엔솔,삼성 / 반디플,1,1,1.000,2026-05-06,삼성 / 반디플:1
케이이엠텍,이차전지,2,1,0.500,2025-11-04,이차전지:1; 개별주:1
케이피항공산업,개별주,1,1,1.000,2026-05-19,개별주:1
코난테크놀로지,로봇,2,1,0.500,2026-03-13,로봇:1; AI:1
코리아나,개별주,2,1,0.500,2026-04-24,개별주:1; 화장품:1
코리아에셋투자증권,개별주,1,1,1.000,2026-02-19,개별주:1
코미팜,BIO / 의료AI,1,1,1.000,2026-04-17,BIO / 의료AI:1
코스맥스,개별주,1,1,1.000,2025-11-21,개별주:1
코스맥스비티아이,개별주,1,1,1.000,2026-05-08,개별주:1
코스맥스엔비티,개별주,1,1,1.000,2026-05-08,개별주:1
코스모화학,이차전지,1,1,1.000,2025-10-16,이차전지:1
코아스,개별주,1,1,1.000,2025-09-05,개별주:1
코아시아씨엠,실적 / 공시,1,1,1.000,2026-05-14,실적 / 공시:1
코어라인소프트,BIO / 의료AI,1,1,1.000,2025-11-28,BIO / 의료AI:1
코오롱,조선,3,1,0.333,2026-04-29,조선:1; BIO / 의료AI:1; 개별주:1
코이즈,삼성 / 반디플,1,1,1.000,2026-02-03,삼성 / 반디플:1
코콤,개별주,1,1,1.000,2026-02-13,개별주:1
콘텐트리중앙,실적 / 공시,1,1,1.000,2025-11-10,실적 / 공시:1
콜마비앤에이치,개별주,1,1,1.000,2025-08-20,개별주:1
큐라티스,BIO / 의료AI,1,1,1.000,2025-08-27,BIO / 의료AI:1
큐로홀딩스,개별주,1,1,1.000,2025-09-17,개별주:1
크래프톤,로봇,2,1,0.500,2026-03-13,로봇:1; IP / 엔터:1
키다리스튜디오,실적 / 공시,1,1,1.000,2026-02-11,실적 / 공시:1
탑런토탈솔루션,로봇,2,1,0.500,2026-01-08,로봇:1; 개별주:1
태경케미컬,방산,2,1,0.500,2026-03-30,방산:1; 전력 / 에너지:1
태림포장,개별주,1,1,1.000,2026-03-26,개별주:1
태웅로직스,개별주,1,1,1.000,2025-09-04,개별주:1
텔레칩스,삼성 / 반디플,2,1,0.500,2026-05-08,삼성 / 반디플:1; 개별주:1
텔코웨어,개별주,1,1,1.000,2025-09-23,개별주:1
토니모리,개별주,2,1,0.500,2026-01-02,개별주:1; 화장품:1
토마토시스템,삼성 / 반디플,2,1,0.500,2026-02-10,삼성 / 반디플:1; BIO / 의료AI:1
티디에스팜,BIO / 의료AI,1,1,1.000,2025-11-28,BIO / 의료AI:1
티웨이홀딩스,개별주,1,1,1.000,2026-06-15,개별주:1
티케이지애강,개별주,1,1,1.000,2025-07-24,개별주:1
티플랙스,개별주,2,1,0.500,2026-05-11,개별주:1; 미-중 갈등 / 원자재:1
파라택시스코리아,개별주,1,1,1.000,2025-12-11,개별주:1
파라텍,개별주,1,1,1.000,2025-07-24,개별주:1
파워로직스,이차전지,2,1,0.500,2026-01-19,이차전지:1; 로봇:1
파이오링크,개별주,2,1,0.500,2025-10-01,개별주:1; IT / 통신:1
파인메딕스,BIO / 의료AI,1,1,1.000,2025-09-02,BIO / 의료AI:1
팜스토리,개별주,1,1,1.000,2026-02-23,개별주:1
팜젠사이언스,BIO / 의료AI,1,1,1.000,2025-07-29,BIO / 의료AI:1
팬엔터테인먼트,IP / 엔터,1,1,1.000,2025-08-19,IP / 엔터:1
펌텍코리아,화장품 / 중국,1,1,1.000,2025-08-06,화장품 / 중국:1
포스코엠텍,로봇,4,1,0.250,2026-01-15,로봇:1; 미-중 갈등 / 원자재:1; 개별주:1; 이차전지:1
포인트모바일,실적 / 공시,1,1,1.000,2025-11-07,실적 / 공시:1
포커스에이아이,개별주,1,1,1.000,2026-01-29,개별주:1
폴라리스세원,로봇,1,1,1.000,2026-01-07,로봇:1
폴라리스오피스,개별주,3,1,0.333,2026-05-21,개별주:1; IT / 통신:1; BIO / 의료AI:1
폴레드,개별주,1,1,1.000,2026-05-14,개별주:1
푸드웰,실적 / 공시,1,1,1.000,2025-08-18,실적 / 공시:1
퓨런티어,이차전지,3,1,0.333,2025-12-24,이차전지:1; 로봇:1; 우주 / 항공:1
프럼파스트,개별주,1,1,1.000,2026-04-14,개별주:1
프레스티지바이오파마,실적 / 공시,1,1,1.000,2025-08-14,실적 / 공시:1
프로티아,BIO / 의료AI,1,1,1.000,2025-11-20,BIO / 의료AI:1
피씨디렉트,삼성 / 반디플,1,1,1.000,2025-09-19,삼성 / 반디플:1
피앤씨테크,전력 / 에너지,1,1,1.000,2026-04-29,전력 / 에너지:1
피엔에이치테크,삼성 / 반디플,1,1,1.000,2025-08-13,삼성 / 반디플:1
피제이메탈,중동전쟁 / 원자재,2,1,0.500,2026-04-13,중동전쟁 / 원자재:1; 중동전쟁:1
피코그램,개별주,1,1,1.000,2025-07-23,개별주:1
피플바이오,BIO / 의료AI,1,1,1.000,2026-05-21,BIO / 의료AI:1
핌스,삼성 / 반디플,2,1,0.500,2025-08-13,삼성 / 반디플:1; 실적 / 공시:1
하나금융지주,개별주,1,1,1.000,2025-09-10,개별주:1
하이딥,개별주,1,1,1.000,2025-12-16,개별주:1
하이록코리아,조선,2,1,0.500,2025-09-02,조선:1; 개별주:1
한국단자,개별주,1,1,1.000,2026-04-16,개별주:1
한국앤컴퍼니,로봇,2,1,0.500,2026-06-15,로봇:1; 실적 / 공시:1
한국정보공학,개별주,1,1,1.000,2025-09-11,개별주:1
한국정보인증,코인 / 가상자산,1,1,1.000,2026-01-23,코인 / 가상자산:1
한국주강,조선,1,1,1.000,2025-12-23,조선:1
한국콜마,개별주,1,1,1.000,2026-05-08,개별주:1
한국타이어앤테크놀로지,실적 / 공시,1,1,1.000,2025-11-10,실적 / 공시:1
한국토지신탁,개별주,1,1,1.000,2026-02-24,개별주:1
한국팩키지,중동전쟁 / 원자재,4,1,0.250,2026-04-13,중동전쟁 / 원자재:1; 방산:1; 개별주:1; 전력 / 에너지:1
한국화장품제조,화장품,1,1,1.000,2025-10-30,화장품:1
한네트,개별주,1,1,1.000,2026-03-19,개별주:1
한섬,실적 / 공시,1,1,1.000,2026-02-10,실적 / 공시:1
한세실업,개별주,1,1,1.000,2025-11-14,개별주:1
한솔로지스틱스,방산,1,1,1.000,2026-03-03,방산:1
한솔홀딩스,삼성 / 반디플,1,1,1.000,2026-05-11,삼성 / 반디플:1
한울앤제주,개별주,1,1,1.000,2025-08-11,개별주:1
한진중공업홀딩스,개별주,1,1,1.000,2025-09-10,개별주:1
한창제지,개별주,1,1,1.000,2026-03-27,개별주:1
한컴라이프케어,개별주,1,1,1.000,2025-12-01,개별주:1
한탑,중동전쟁,2,1,0.500,2026-03-04,중동전쟁:1; 개별주:1
해운 관련주·기타: 대한해운,방산,1,1,1.000,2026-03-03,방산:1
현대제철,조선,4,1,0.250,2026-04-24,조선:1; 개별주:1; 로봇:1; 방산:1
현대지에프홀딩스,개별주,3,1,0.333,2026-02-24,개별주:1; 실적 / 공시:1; 정부 정책:1
현대차증권,개별주,1,1,1.000,2026-05-06,개별주:1
현대홈쇼핑,개별주,2,1,0.500,2026-02-24,개별주:1; 실적 / 공시:1
현우산업,로봇,2,1,0.500,2026-05-14,로봇:1; 삼성 / 반디플:1
형지글로벌,개별주,2,1,0.500,2026-01-02,개별주:1; 로봇:1
화성밸브,전력 / 에너지,2,1,0.500,2026-04-08,전력 / 에너지:1; 개별주:1
화승알앤에이,로봇,1,1,1.000,2025-09-08,로봇:1
화승코퍼레이션,로봇,1,1,1.000,2025-09-08,로봇:1
화장품 관련주: 한국화장품,개별주,1,1,1.000,2026-01-02,개별주:1
화천기계,개별주,1,1,1.000,2026-01-22,개별주:1
효성오앤비,전력 / 에너지,1,1,1.000,2026-03-09,전력 / 에너지:1
휴니드,방산,3,1,0.333,2026-03-03,방산:1; 개별주:1; 조선:1
휴비스,전력 / 에너지,1,1,1.000,2026-04-02,전력 / 에너지:1
휴온스,개별주,1,1,1.000,2026-05-19,개별주:1
흥국에프엔비,개별주,1,1,1.000,2026-01-29,개별주:1
희림,개별주,3,1,0.333,2026-05-07,개별주:1; 중동전쟁 / 원자재:1; 전력 / 에너지:1
